:020000040800F2
:10000000305C002061020008054C00084F3D0008EC
:10001000A547000869120008C96C0008000000002C
:10002000000000000000000000000000A101000826
:100030008316000800000000FD0100084964000864
:100040007B0200087B0200087B0200087B0200089C
:100050007B0200087B0200087B0200087B0200088C
:100060007B0200087B0200087B0200087B0200087C
:100070007B0200087B0200087B0200087B0200086C
:1000800085150008951500087B0200087B02000812
:100090007B0200087B0200087B0200087B0200084C
:1000A0007B020008296500087B0200087B0200082B
:1000B0007B0200087B0200087B0200087B0200082C
:1000C0007B0200087B0200087B0200087B0200081C
:1000D0007B0200087B020008B96C00087B02000864
:1000E0007B0200087B0200087B0200087B020008FC
:1000F0007B0200087B0200087B0200087B020008EC
:100100007B0200087B0200087B0200087B020008DB
:100110007B0200087B020008396500087B020008AA
:100120007B0200087B0200087B0200087B020008BB
:100130007B0200087B0200087B0200087B020008AB
:100140007B0200087B0200087B0200087B0200089B
:100150007B0200087B0200087B0200087B0200088B
:100160007B0200087B0200087B0200087B0200087B
:100170007B0200087B0200087B02000800000000F0
:100180007B0200087B020008DFF810D000F0D6FBED
:1001900000480047E1760008AFF30080305C0020A3
:1001A0002C4B19680868B0E8F04F80F30988BFF35A
:1001B0006F8F4FF0000080F311887047000000003F
:1001C00008480068006880F308884FF0000080F35A
:1001D000148862B661B6BFF34F8FBFF36F8F00DF35
:1001E00000BF00BF08ED00E0DFF80C00016841F43B
:1001F00070010160704700BF88ED00E0EFF30980F7
:10020000BFF36F8F134B1A681EF0100F08BF20ED5D
:10021000108A20E9F04F106009B44FF0500080F3CD
:100220001188BFF34F8FBFF36F8F08F05FFC4FF063
:10023000000080F3118809BC19680868B0E8F04F25
:100240001EF0100F08BFB0EC108A80F30988BFF3CE
:100250006F8F704714000020EFF305807047000097
:100260000648804706480047FEE7FEE7FEE7FEE750
:10027000FEE7FEE7FEE7FEE7FEE7FEE7156500089E
:10028000890100082DE9F05F0546002092469B4653
:1002900088460646814640241BE02846414647469C
:1002A000224600F070FA53465A46C01A914110D3C4
:1002B00011461846224600F057FA2D1A67EB01083E
:1002C0004F4622460120002100F04EFA17EB0009AC
:1002D0004E41201EA4F10104DFDC484631462A4687
:1002E0004346BDE8F09F40EA01039B0703D009E0C5
:1002F00008C9121F08C0042AFAD203E011F8013B12
:1003000000F8013B521EF9D27047D2B201E000F86A
:10031000012B491EFBD270470022F6E710B51346A9
:100320000A4604461946FFF7F0FF204610BD421C5E
:1003300010F8011B0029FBD1801A704710B500226C
:1003400000E0521C835C8C5CA34201D1002BF8D1ED
:10035000D8B2E1B2401A10BD2DE9FE4F804681EAC5
:100360000300C00F0C46009021F0004123F000452F
:10037000B8EB0200A94105D24046214690461C46F2
:100380000B46024623F00040104347D0270DC7F329
:100390000A00C3F30A510290401A019040286BDA18
:1003A000C3F3130040F4801B0098924620B1002351
:1003B000D2EB030A63EB0B0B01985946C0F14002E4
:1003C000504600F0D1F906460D4650465946019A6E
:1003D00000F0E9F910EB08006141002487EA1152AE
:1003E00084EAE7731A4340D0009A62B3019A012A63
:1003F0004FEA075215DC001B61EB02014FF000428F
:1004000002EA0752CDE90042001C41F58011324654
:100410002B4600F0E9F903B0BDE8F08F40462146D5
:10042000F9E7001B61EB0201001C41F58013001885
:100430005B412018A2F5001747EB030140EAD57095
:10044000B6196D4111E06D084FEA360645EAC075F0
:100450004FEA0752001B61EB0201001C41F58011BD
:1004600049084FEA30000019514132462B4603B08B
:10047000BDE8F04F00F0A9B9009801224000002328
:10048000D0EB020263EBE073009821464FEAE07480
:10049000B8EB000061EB0401E9E783F000435BE7A0
:1004A00081F0004158E72DE9FE4F81EA030404F092
:1004B000004421F0004100944FF0000B23F0004372
:1004C00050EA01045ED052EA03045BD0C3F30A543D
:1004D000C1F30A552C44A4F2F3340194A0FB025456
:1004E000C1F3130141F48011C3F3130343F48013E8
:1004F00001FB024400FB034E840A970A44EA81543C
:1005000047EA8357A4FB076802958D0A05FB078518
:100510004FEA932C04FB0C542705029D4FEA065822
:1005200047EA1637B5EB08056EEB070C870E920EFF
:1005300047EA811742EA8312A7FB0201B6EB0B01DF
:1005400064EB00042B0D43EA0C335E1844EB1C50A3
:10055000DA465146E7FB0201C5F313044FEA0B33B9
:1005600043EA14534FEA0432019C43EA0603A4F120
:100570000C040294009CCDE900B400F035F903B0FE
:10058000BDE8F08F00200146F9E72DE9F04D81EA42
:10059000030404F0004B21F0004514464FF0000A1C
:1005A00023F0004150EA050220D054EA01021DD098
:1005B000C5F30A570246C5F31303C1F31300C1F391
:1005C0000A5640F4801543F48013A7EB0608101B6D
:1005D000D64608F2FD3873EB050002D308F1010896
:1005E00001E092185B41B8F1000F03DA00200146E8
:1005F000BDE8F08D00204FF48011064684460EE0E1
:10060000171B73EB050705D3121B63EB05030643AA
:100610004CEA010C49084FEA300092185B4150EA5D
:100620000107EDD152EA030012D082EA040083EA06
:100630000501084305D0101BAB4106D2012200235F
:1006400006E000224FF0004302E06FF00102531079
:100650001AEB06004CEB085110EB0A0041EB0B01C2
:10066000BDE8F04D00F0B1B80EB540F23341029153
:100670000021CDE900110A460B4600F0B5F803B0A1
:1006800000BDC1F30A5210B5C1F3130140F2FF33AC
:1006900041F480119A4201DA002010BD40F2334348
:1006A0009A42A2F2334203DC524200F06CF810BDD1
:1006B000904010BD00F0004230F000400AD0C10D63
:1006C00001F56071C0F3160042EA0151C20840070B
:1006D00011437047002001467047000030B5041EEA
:1006E00071F1000404DB4FF00044404264EB01016F
:1006F000141E73F1000405DB1C464FF00043524208
:1007000063EB04038B4208BF824230BD30B5041E48
:1007100071F1000404DB4FF00044404264EB01013E
:10072000141E73F1000405DB1C464FF000435242D7
:1007300063EB0403994208BF904230BD30B50B46CD
:10074000014600202022012409E021FA02F59D4201
:1007500005D303FA02F5491B04FA02F52844151ED5
:10076000A2F10102F1DC30BD202A04DB203A00FABC
:1007700002F1002070479140C2F1200320FA03F3F8
:10078000194390407047202A04DB203A21FA02F0F6
:100790000021704721FA02F3D040C2F120029140BB
:1007A000084319467047202A06DBCB17203A41FA46
:1007B00002F043EAE07306E041FA02F3D040C2F1EE
:1007C0002002914008431946704710B5141E73F17A
:1007D000000408DA401C41F1000192185B411A4301
:1007E00001D120F0010010BD2DE9F04D92469B464D
:1007F00011B1B1FA81F202E0B0FA80F220329046F3
:10080000FFF7B2FF04460F4640EA0A0041EA0B0137
:1008100053465A46084313D0114653EA010019D0F3
:10082000C8F140025046FFF7AEFF05460E4650465F
:1008300059464246FFF798FF084305D0012004E0DF
:1008400020463946BDE8F08D0020054346EAE076B3
:100850002C4337430A986305E40AA0EB0800002202
:10086000FD0A44EA47540A3002D500200146E9E770
:10087000010510196941DDE9084500196941BDE824
:10088000F04DA2E72DE9F041054621F000400C466D
:10089000284309D0C4F30A5040F23341884205DDB1
:1008A00028462146BDE8F0812846FBE740F2FE31AC
:1008B000884210DC0CDB4FEA043040EA155050EA65
:1008C000053105D0104804F0004101430020E9E75C
:1008D00000200146E6E7A0F233404642C6F140025E
:1008E00028462146FFF740FF07468846284621460E
:1008F0003246FFF748FF43463A46FFF766FF324667
:10090000BDE8F041FFF730BF0000F03FC1F30A52ED
:10091000C1F3130140F2FF3341F480119A4202DA2D
:1009200000200146704740F233439A42A2F233421C
:1009300002DC5242FFF727BFFFF716BF064C074DF8
:1009400006E0E06840F0010394E80700984710349F
:10095000AC42F6D3FFF71CFC6CA500088CA5000880
:1009600030B591B0044600253F48006828B1022107
:100970003D48006808F0D0FC05463C4800788DF8FA
:1009800000003B4800788DF801003A4800788DF867
:100990000200394800788DF80400374841788DF816
:1009A00005104188ADF806108188ADF8081090ED6B
:1009B000020A8DED030A90ED030A8DED040A016928
:1009C0000591416906912D4800788DF81C002C484E
:1009D00000788DF81D002B4800788DF81E002A48FD
:1009E00090ED000A8DED080A284890ED000A8DED83
:1009F000090A274800788DF82800264800680B90DF
:100A0000254800680C90254800788DF8340023486C
:100A100041788DF8351081788DF83610C1788DF8D1
:100A200037101F4800788DF838001E4800788DF880
:100A300039001D4890ED000A8DED0F0A1B4890ED1E
:100A4000000A8DED100A012D06D100231A46194621
:100A50000548006808F05AFA442269462046FFF724
:100A600042FC11B030BD0000B4000020B8000020EE
:100A7000BA000020B9000020A04D0020DA000020BC
:100A8000D8000020D9000020D0000020D400002091
:100A9000EC000020F0000020F4000020F80000200E
:100AA0000001002001010020DC000020E000002007
:100AB00000B52DED028B87B01822534901A8FFF72E
:100AC00012FC062351A20021084604F095FD0623DE
:100AD00051A20021422004F08FFD062350A20C21D8
:100AE000002004F089FD062000904748001F90F880
:100AF000382003230C211E2004F020FD06234AA2E7
:100B00000C21402004F078FD062000903E48001F94
:100B100090F8392003230C215E2004F00FFD0623FA
:100B200043A21821002004F067FD9DED030A10EE9A
:100B3000101A0846FFF7BEFD41EC180B06200223F1
:100B40000122B0EE480AF0EE680A1821009008462B
:100B500004F0C6FB062338A21821402004F04CFD07
:100B60009DED040A10EE101A0846FFF7A3FD41ECB4
:100B7000180B062002230122B0EE480AF0EE680AA4
:100B800018210090582004F0ABFB06232CA228214A
:100B9000002004F031FD1C48001F90ED0F0A10EEFC
:100BA000101A0846FFF786FD41EC180B06200123BA
:100BB0000222B0EE480AF0EE680A282100902A20AE
:100BC00004F08EFB062321A23421002004F014FD42
:100BD0000D48001F90ED100A10EE101A0846FFF79E
:100BE00069FD41EC180B062001230222B0EE480AF1
:100BF000F0EE680A342100902A2004F071FB07B05F
:100C0000BDEC028B00BD0000E44D0020416C6C2067
:100C1000436F6E74726F6C004B34204261636B00E3
:100C20004C4A6F793A000000524A6F793A0000004E
:100C300044434C3A000000004443523A0000000094
:100C4000537465657220543A000000005374656562
:100C50007220433A0000000010B5062325A20021AF
:100C6000182004F0C9FC062325A20C21002004F062
:100C7000C3FC062325A21821002004F0BDFC062396
:100C800026A22421002004F0B7FC062326A230214E
:100C9000002004F0B1FC062326A23821002004F035
:100CA000ABFC2848807830B101280BD0022810D046
:100CB00003281CD114E0082380220C21002004F01A
:100CC0008BFA15E0082380221821002004F084FA12
:100CD0000EE0082380222421002004F07DFA07E0A2
:100CE000082380223021002004F076FA00E000BFC3
:100CF00000BF10BD54657374204D656E7500000013
:100D00004D6F746F72205465737400005374657076
:100D10007065722054657374000000004E524620C6
:100D20005465737400000000416C6C20436F6E7456
:100D3000726F6C004B312F322053656C204B332087
:100D40004F4B0000E04D002010B52DED028B88B018
:100D50001822454902A8FFF7C6FA062343A200213C
:100D6000084604F049FC062343A20021482004F071
:100D700043FC062342A20C21002004F03DFC9DF818
:100D8000080000F081FA0446062322460C2108469A
:100D900004F032FC06200090BDF90A2003230C2148
:100DA000242004F0F1FB062336A20C213C2004F0A1
:100DB00023FC062334A21821002004F01DFC9DF81A
:100DC000090000F061FA04460623224618210C208F
:100DD00004F012FC06200090BDF90C20032318211A
:100DE000242004F0D1FB062326A218213C2004F085
:100DF00003FC062325A22821002004F0FDFB9DED25
:100E0000040A10EE101A0846FFF754FC41EC180BC8
:100E1000062002230422B0EE480AF0EE680A2821D8
:100E20000090242004F05CFA06231AA2342100204A
:100E300004F0E2FB9DED050A10EE101A0846FFF7DC
:100E400039FC41EC180B062002230422B0EE480ABC
:100E5000F0EE680A34210090242004F041FA08B032
:100E6000BDEC028B10BD0000E44D00204D6F746F8F
:100E700072205465737400004B34204261636B0030
:100E80004C3A000025000000523A00004C206D2F23
:100E9000733A000052206D2F733A000038B50623D4
:100EA00046A20021084604F0A7FB062346A2002123
:100EB0004E2004F0A1FB062345A20C21002004F0E3
:100EC0009BFB06200090444890F8282001230C2129
:100ED000182004F033FB062340A21821002004F060
:100EE0008BFB3D48C06A42F21071B0FBF1F201FB8E
:100EF000120406200423224618210090122004F038
:100F00001DFB062336A21821362004F075FB32485B
:100F1000006B42F21071B0FBF1F201FB12040620EB
:100F200004232246182100904E2004F007FB0623DC
:100F30002DA22821002004F05FFB06200090264807
:100F400090F8342002232821122004F049FA0623C5
:100F5000202228211E2004F099F9062000901E4826
:100F600090F8352002232821242004F039FA0623A2
:100F700020222821302004F089F90620009016480C
:100F800090F8362002232821362004F029FA06237F
:100F900020222821422004F079F9062000900E48F2
:100FA00090F8372002232821482004F019FA06235C
:100FB0000EA23821002004F01FFB38BD4E524620FF
:100FC00054657374000000004B34204261636B0071
:100FD000466C673A00000000E04D00204F4B3A009D
:100FE0004552523A0000000052583A00526563766A
:100FF0002064617461207072657669657700000015
:1010000000B52DED028B81B006233DA200210846DC
:1010100004F0F2FA06233EA20021422004F0ECFA8A
:1010200006233DA20C21002004F0E6FA3C48407F54
:1010300008B93CA000E03CA0024606230C212A206F
:1010400004F0DAFA062339A20C21482004F0D4FA7D
:10105000062000903248027F01230C215A2004F020
:1010600093FA062332A21821002004F0C5FA2C4876
:1010700090ED080A10EE101A0846FFF71BFB41EC32
:10108000180B062001230422B0EE480AF0EE680A8D
:10109000182100902A2004F023F9062326A22821F3
:1010A000002004F0A9FA1E48807F08B91DA000E0C6
:1010B0001DA00246062328212A2004F09DFA0623BB
:1010C0001FA23421002004F097FA154890ED090A78
:1010D00010EE101A0846FFF7EDFA41EC180B062047
:1010E00001230422B0EE480AF0EE680A3421009091
:1010F0002A2004F0F5F801B0BDEC028B00BD000021
:10110000537465707065722054657374000000003C
:101110004B34204261636B004C204469723A0000FA
:10112000E04D00204357000043435700454E3A002E
:101130004C2052504D3A000052204469723A00004F
:10114000522052504D3A00000120124908701248B6
:10115000007830B1012808D002280AD0032810D125
:101160000BE001200D49087011E002200B490870C6
:101170000DE003200949087009E0042007490870C0
:1011800005E00020054908700249087000BF00BF53
:1011900070470000BA000020B9000020B80000200D
:1011A00008B5002000900021684602F0C5FF9DF8B8
:1011B000000008BD70B5044600252048006828B12D
:1011C00002211E48006808F0A7F805461C48007870
:1011D00018BB012C04D0022C0ED0032C1BD117E01D
:1011E0001848007808B9032003E016480078401E2C
:1011F000C0B2144908700FE012480078401C114931
:10120000087008460078042801DB0020087003E01D
:10121000FFF79AFF00E000BF06E0042C04D1002095
:101220000749087008490870012D06D100231A46A5
:1012300019460248006807F069FE70BDB40000203E
:10124000BA000020B9000020B800002000B591B01D
:101250006846FFF785FB442269460248FFF743F8DA
:1012600011B000BDE04D002000BFFEE7014664293B
:1012700001DD6420704711F1640F02DA6FF0630042
:10128000F8E70846F6E70000014649B1012902D017
:10129000022904D101E003A0704703A0FCE700BFCE
:1012A00002A0F9E746574400425744005354500007
:1012B00010B504460CB1012000E0002002461021C8
:1012C000014800F0F9FC10BD0008024010B50446CA
:1012D00004B910BD182203492046FFF704F800BFE7
:1012E000F7E70000244E002010B50021104802F05E
:1012F000CFF904210E4802F0CBF93C210D4801F052
:101300002DFF3C210C4801F029FF00200949096804
:101310004862094909684862084908800849088004
:101320000120FFF7C5FF0021084600F00BF810BDB3
:101330005C020020CC0100201402002002010020E9
:101340000401002070B505460C462846FFF78EFFC5
:1013500005462046FFF78AFF0446214845808480E1
:10136000002D08DD01201E49087000F03BF8A8B2EE
:1013700000F066F813E0002D09DA02201849087021
:1013800000F030F8694288B200F05AF807E0002017
:101390001349087000F026F8002000F051F8002CE6
:1013A00008DD01200E49487000F05AF8A0B200F0A4
:1013B00085F813E0002C09DA02200949487000F092
:1013C0004FF8614288B200F079F807E00020044944
:1013D000487000F045F8002000F070F870BD000083
:1013E000244E002010B50446DCB1012C02D0022CA2
:1013F00016D10AE001221146104800F05DFC0022DF
:1014000002210E4800F058FC16E0002201210B4892
:1014100000F052FC01220221084800F04DFC0BE0D4
:1014200000BF00220121054800F046FC00220221F5
:10143000024800F041FC00BF00BF10BD00080240A0
:1014400010B5064B1B68DB6A5A1C02FB00F36424D0
:10145000B3FBF4F1014B1B68596310BD5C02002023
:1014600010B50446DCB1012C02D0022C16D10AE0E2
:1014700001220421104800F01FFC002208210E4820
:1014800000F01AFC16E0002204210B4800F014FCC6
:1014900001220821084800F00FFC0BE000BF0022E9
:1014A0000421054800F008FC00220821024800F051
:1014B00003FC00BF00BF10BD0008024010B5064B82
:1014C0001B68DB6A5A1C02FB00F36424B3FBF4F1D3
:1014D000014B1B68996310BD5C02002070B5B5EE2E
:1014E000C00AF1EE10FA00D870BD1F4E3668766A59
:1014F00033B21E4E3668766A34B21D4E36889E1B55
:1015000030B21C4E3688A61B35B2194E3380194EA8
:10151000348001462A465242174E31617261DFED36
:10152000171A02EE101AB8EEC22ADFED152AC2EE23
:10153000220A02EE102AB8EEC22ADFED112A82EE4C
:10154000221A9FED0E2A20EE822AC2EE002AC6ED54
:10155000022A9FED0A2A21EE022AC2EE002AC6EDD7
:10156000032A00BFC0E70000CC01002014020020C5
:101570000201002004010020244E0020B91A513E2F
:1015800000005C4410B5024800F0EAF810BD00000D
:101590002404002010B5024800F0E2F810BD00005D
:1015A000C40300200146087810381823B0FBF3F27A
:1015B0000848805CC865032A05D908686FF30900EC
:1015C000001D886503E008686FF309008865886D71
:1015D00070470000F09B0008014600208A6A8B6972
:1015E000CBB932B1012A0DD0022A03D0032A10D17F
:1015F0000EE000BFCB6A03F08073B3F1807F00D1AF
:10160000012007E0CB6AB3F1C07F00D1012001E0E7
:1016100000E000BF34E08B69B3F5005F1AD132B14E
:10162000012A07D0022A03D0032A11D10AE000BF01
:1016300001200EE0CB6A03F08073B3F1807F00D10C
:10164000012006E0CB6AB3F1C07F00D1012000E0A9
:1016500000BF15E032B1012A05D0022A04D0032AC6
:101660000CD103E000BF00BF012008E0CB6A03F00B
:101670008073B3F1807F00D1012000E000BF00BF84
:101680007047704772B600BFFEE770B50446A56D9F
:1016900000F018FB064694F83500022808D0802098
:1016A000606500BF002084F8340000BF012070BDD9
:1016B0002068006820F016002168086020684069F2
:1016C00020F0800021684861206C08B9A06C28B126
:1016D0002068006820F00800216808602068006821
:1016E00020F001002168086010E000F0EBFA801B98
:1016F00005280BD920206065032084F8350000BF41
:10170000002084F8340000BF0320D0E72068006880
:1017100000F001000028E8D194F85C103F208840D8
:10172000A860012084F8350000BF002084F8340050
:1017300000BF00BFBBE7014691F83500022803D087
:101740008020486501207047052081F83500086831
:10175000006820F001000A6810600020F3E7000034
:10176000F8B50446002000908C4800684FF41651EC
:10177000B0FBF1F7A56D2E6894F85C100820884046
:10178000304098B12068006800F0040070B1206813
:10179000006820F004002168086094F85C100820BC
:1017A0008840A860606D40F00100606594F85C10AE
:1017B00001208840304068B12068406900F0800016
:1017C00040B194F85C1001208840A860606D40F042
:1017D0000200606594F85C1004208840304068B1D5
:1017E0002068006800F0020040B194F85C1004200A
:1017F0008840A860606D40F00400606594F85C105B
:1018000010208840304078B32068006800F008005D
:1018100050B394F85C1010208840A86020680068DD
:1018200000F4802080B12068006800F4002028B90E
:10183000206CC8B12046216C884715E0A06C98B197
:101840002046A16C88470FE02068006800F4807093
:1018500028B92068006820F0080021680860206C22
:1018600010B12046216C884794F85C1020208840F5
:101870003040002865D02068006800F01000002883
:101880005FD094F85C1020208840A86094F8350060
:10189000052828D12068006820F01600216808601B
:1018A0002068406920F0800021684861206C08B9F8
:1018B000A06C28B12068006820F00800216808604A
:1018C00094F85C103F208840A860012084F835001F
:1018D00000BF002084F8340000BF206D10B1204606
:1018E000216D8847F8BD2068006800F4802080B131
:1018F0002068006800F4002028B9606C10B1204610
:10190000616C88471DE0E06BD8B12046E16B8847E9
:1019100017E02068006800F4807068B920680068EB
:1019200020F0100021680860012084F8350000BF15
:10193000002084F8340000BFE06B10B12046E16B5A
:101940008847606D38B3606D00F00100F0B105208C
:1019500084F835002068006820F0010021680860E4
:1019600000BF0098401C0090B84200D905E02068F4
:10197000006800F001000028F3D100BF012084F8C6
:10198000350000BF002084F8340000BFE06C10B1C7
:101990002046E16C884700BFA4E70000100000204B
:1019A0002DE9F0410446002500F08CF9074614B9F2
:1019B0000120BDE8F081606A00B100BF022084F818
:1019C000350000BF002084F8340000BF20680068A4
:1019D00020F00100216808600AE000F073F9C01BE4
:1019E000052805D920206065032084F83500E0E74C
:1019F0002068006800F001000028EED1206805682A
:101A000021480540D4E901010843E1680843216900
:101A1000084361690843A1690843E1690843216AF1
:101A200008430543606A042803D1D4E90B01084345
:101A30000543206805602068456925F00705606A50
:101A40000543606A04280DD1A06A0543E06A48B1E5
:101A50002046FFF7C1FD28B140206065012084F8D1
:101A60003500A6E7206845612046FFF79BFD064646
:101A700094F85C103F208840B06000206065012031
:101A800084F83500002094E73F8010F070B50446DC
:101A900000F018F906462546681C10B10448007885
:101AA000054400BF00F00EF9801BA842FAD370BDB8
:101AB0000C000020F8B502460B460025002400204B
:101AC0000021D6E0012606FA01F51E6806EA0504A3
:101AD000AC4274D11E7906F00306012E04D01E79A3
:101AE00006F00306022E13D190684F000326BE4075
:101AF000B0434F00DE68BE4030439060506801261E
:101B00008E40B0431E79C6F300168E4030435060BD
:101B10001E7906F00306032E09D0D0684F00032675
:101B2000BE40B0434F009E68BE403043D0601E7937
:101B300006F00306022E13D1CF0802F1200656F854
:101B400027004E07F70E0F26BE40B0434F07FF0E8B
:101B50001E69BE403043CF0802F1200646F8270038
:101B600010684F000326BE40B0431E7906F00306FE
:101B70004F00BE40304310605E6806F44036002ED1
:101B800076D000BF002600963C4E366846F480466C
:101B90003A4F3E603E46366806F48046009600BFE7
:101BA00000BF374E8F0856F827008E07370F0F26D5
:101BB000BE40B043334EB24202D1002624E057E08B
:101BC000314EB24201D101261EE0304EB24201D167
:101BD000022619E02E4EB24201D1032614E02D4E0A
:101BE000B24201D104260FE02B4EB24201D10526AC
:101BF0000AE02A4EB24201D1062605E0284EB24242
:101C000001D1072600E008268F073F0FBE40304372
:101C10001B4E8F0846F82700224E3068A0435E68AE
:101C200006F4801606B120431E4E3060361D306823
:101C3000A0435E6806F4001606B12043194E361D17
:101C40003060184E361F3068A0435E6806F40036D8
:101C500006B12043134E361F3060361F3068A04354
:101C60005E6806F4803606B120430E4E083E3060B2
:101C7000491C1029FFF426AFF8BD0000443802408B
:101C80000838014000000240000402400008024001
:101C9000000C0240001002400014024000180240F4
:101CA000001C0240083C0140024613690B400BB186
:101CB000012000E0002070470AB1816101E00B04BF
:101CC00083617047014800687047000004000020ED
:101CD00070B504460CB9012070BD94F83D0028B9D8
:101CE000002084F83C00204600F08CF9242084F881
:101CF0003D002068006820F001002168086020682D
:101D0000006840F40040216808602068006820F402
:101D100000402168086000F0ADFB05465C49606842
:101D2000884206D85B48854201D2012007E00020A6
:101D300005E05948854201D2012000E00020012839
:101D400000D1C9E75548B5FBF0F62068406820F09F
:101D50003F003043216848604D496068884201D89F
:101D6000701C07E04FF4967070434FF47A71B0FB2B
:101D7000F1F0401C2168096A21F03F010843216805
:101D8000086243496068884214D8681E6168490047
:101D9000B0FBF1F0401CC0F30B00042801D204207A
:101DA0003DE0681E61684900B0FBF1F0401CC0F3E3
:101DB0000B0034E0A06838B9681E616801EB41018E
:101DC000B0FBF1F0401C0AE0681E616801EBC10243
:101DD00002EB0111B0FBF1F0401C40F48040C0F375
:101DE0000B0008B901201AE0A06848B9681E6168B4
:101DF00001EB4101B0FBF1F0401CC0F30B000CE023
:101E0000681E616801EBC10202EB0111B0FBF1F049
:101E1000401CC0F30B0040F4804040F400402168B7
:101E2000C9694CF6FF72914308432168C861D4E93F
:101E3000070108432168096821F0C00108432168AF
:101E40000860D4E9031008432168896848F2FF322A
:101E50009143084321688860D4E90501084321685B
:101E6000C96821F0FF0108432168C8602068006844
:101E700040F001002168086000202064202084F8E0
:101E80003D000020206384F83E0000BF24E70000EE
:101E9000A086010080841E0000093D0040420F0022
:101EA0002DE9FC5F04460F4690469946DDE90CABF0
:101EB0000E9EFFF707FF054694F83D0020287DD1D0
:101EC000192301224D492046009502F004F810B173
:101ED0000220BDE8FC9F00BF94F83C00012801D11E
:101EE0000220F6E7012084F83C0000BF206800686B
:101EF00000F0010028B92068006840F00100216866
:101F000008602068006820F40060216808602120D3
:101F100084F83D00402084F83E0000202064C4F88E
:101F200024A0A4F82AB0608D20853548E0624B4695
:101F3000424639462046CDE9006501F029FF08B147
:101F40000120C6E731E02A463146204602F09FF8DC
:101F500050B1206C042805D12068006840F400705E
:101F6000216808600120B4E7606A00782168086190
:101F7000606A401C6062208D401E2085608D401E7E
:101F8000608520684069C0F3800070B1208D60B129
:101F9000606A007821680861606A401C6062208D78
:101FA000401E2085608D401E6085208D0028CAD18E
:101FB0002A463146204601F05BFF00E01CE050B1AC
:101FC000206C042805D12068006840F40070216866
:101FD000086001207DE72068006840F400702168F7
:101FE0000860202084F83D00002084F83E0000BFF7
:101FF00084F83C0000BF6CE702206AE70200100092
:102000000000FFFF10B586B00446142101A8FEF7BA
:1020100083F91B49206888422FD100BF002000901F
:102020001848006840F00200164908600846006839
:1020300000F00200009000BF00BFC02001901220FD
:10204000029000200390032004900420059001A931
:102050000D48FFF72FFD00BF002000900948103009
:10206000006840F400100749103108600846006815
:1020700000F40010009000BF00BF06B010BD0000CB
:102080000054004030380240000402400348006819
:10209000034909780844014908607047040000209A
:1020A0000C00002010B50D48006840F400700B498A
:1020B00008600846006840F48060086008460068D0
:1020C00040F480700860032000F0D6F80F2000F084
:1020D00007F800F055F8002010BD0000003C024059
:1020E000F0B587B004460026002700BF002000900E
:1020F0001E48006840F400301C490860084600682B
:1021000000F40030009000BF00BF01A902A800F059
:1021100089F900F0BFF946001548B6FBF0F0471EFC
:1021200014481549086040F2E7311348C160476020
:10213000002101618160816100F08AFE054695B948
:102140000D4800F0DDFE05466DB9192000F042F89B
:10215000102C07D200222146192000F04FF8074822
:10216000046000E00125284607B0F0BD4438024075
:1021700040420F0000440140840400200800002079
:1021800008B500BF002000901148006840F480406E
:102190000F4908600846006800F48040009000BFC6
:1021A00000BF00BF00200090081F006840F0805072
:1021B000091F08600846006800F08050009000BFCA
:1021C00000BF00220F21901E00F018F808BD00008B
:1021D000443802400146084600280DDB00BF00BF1E
:1021E00000F01F0301229A4043099B0003F1E02302
:1021F000C3F8002100BF00BF00BF70472DE9F05FAA
:1022000080460D461646002704F07AFD07463946FB
:102210002A46334601F00700C0F1070ABAF1040F5D
:1022200002D94FF0040A01E0C0F1070AD14600F1DB
:10223000040ABAF1070F02D24FF0000A01E0A0F140
:10224000030AD4464FF0010A0AFA09FAAAF1010A70
:102250000AEA020A0AFA0CFA4FF0010B0BFA0CFB1D
:10226000ABF1010B0BEA030B4AEA0B042146404693
:1022700004F04EFDBDE8F09F00BF00F00702064BE2
:1022800019684FF6FF031940044B0B4343EA022140
:10229000014B196000BF70470CED00E00000FA052B
:1022A00070B504460D460CB9012070BD5848006851
:1022B00000F00700A84209D255490D700846006891
:1022C00000F00700A84201D00120EEE7207800F0DE
:1022D000020002281DD1207800F00400042805D156
:1022E0004C48006840F4E0504A490860207800F00B
:1022F0000800082805D14748006840F46040454977
:1023000008604448006820F0F000A1680843414993
:102310000860207800F00100A8B36068012807D1A8
:102320003C4808380068C0F34040B8B90120BCE719
:102330006068022802D06068032807D13548083851
:102340000068C0F3406048B90120AEE73148083862
:102350000068C0F3400008B90120A6E72D480068D6
:1023600020F00300616808432A490860FFF7AAFCCF
:10237000064609E0FFF7A6FC801B41F2883188423F
:1023800002D9032091E707E02248006800F00C0022
:102390006168B0EB810FEDD11D48006800F00700C7
:1023A000A84209D91A490D700846006800F00700D4
:1023B000A84201D0012078E7207800F0040004282A
:1023C00007D11448006820F4E050E168084311493F
:1023D0000860207800F00800082808D10D4800683F
:1023E00020F46040216940EAC1000A49086000F019
:1023F00061F808490968C1F30311074A515CC840F4
:102400000649086006480068FFF76AFE00204CE7AE
:10241000003C024008380240F89B000810000020F1
:10242000080000200F2202600D4A126802F0030229
:1024300042600B4A126802F0F0028260084A126899
:1024400002F4E052C260064A126802F46042D20806
:102450000261044A126802F007020A607047000035
:1024600008380240003C0240014800687047000004
:102470001000002000B5FFF7F7FF04490968C1F319
:102480008221034A515CC84000BD00000838024068
:10249000089C000800B5FFF7E7FF04490968C1F38D
:1024A0004231034A515CC84000BD00000838024078
:1024B000089C00082DE9F047002400250026A146CD
:1024C0002548006800F00C0020B1042805D0082839
:1024D0003AD105E0DFF8849039E0DFF8849036E007
:1024E0001D48001F006800F03F041B48001F0068E3
:1024F00000F4800078B11A481749091F0968C1F330
:102500008811A0FB01700146224600233846FDF7E2
:10251000B9FE05460EE011480F49091F0968C1F3CD
:102520008811A0FB01700146224600233846FDF7C2
:10253000A9FE05460848001F0068C0F30140401C82
:102540004600B5FBF6F902E0DFF8109000BF00BFCF
:102550004846BDE8F0870000083802400024F40037
:1025600000127A00F8B504460CB90120F8BD2078B5
:1025700000F00100002874D0F948006800F00C0059
:1025800004280DD0F648006800F00C00082813D18C
:10259000F348001F006800F48000B0F5800F0BD1F5
:1025A000EF4808380068C0F34040002859D0606800
:1025B000002856D10120D9E700BF6068B0F5803F00
:1025C00008D1E7480838006840F48030E449083909
:1025D00008601EE06068B0F5A02F0DD1E048083813
:1025E000006840F48020DE49083908600846006829
:1025F00040F4803008600CE0D9480838006820F4C6
:102600008030D749083908600846006820F48020E7
:10261000086000BF606890B1FFF754FB054606E014
:10262000FFF750FB401B642801D903209EE7CC48EC
:1026300008380068C0F340400028F1D011E0FFF7EF
:1026400041FB054606E0FFF73DFB401B642801D92E
:1026500003208BE7C24808380068C0F340400028D8
:10266000F1D1207800F0020002285FD1BC48006858
:1026700000F00C0058B1BA48006800F00C000828BF
:102680001CD1B748001F006800F48000B0B9B448FE
:1026900008380068C0F3400020B1E068012801D08C
:1026A000012063E7AE480838006820F0F80021698F
:1026B00040EAC100AA490839086037E0E06800B381
:1026C0000120A8490860FFF7FDFA054606E0FFF77C
:1026D000F9FA401B022801D9032047E7A04808382F
:1026E0000068C0F340000028F1D09D480838006819
:1026F00020F0F800216940EAC100994908390860D2
:1027000014E0002097490860FFF7DCFA054606E070
:10271000FFF7D8FA401B022801D9032026E790488A
:1027200008380068C0F340000028F1D1207800F09C
:10273000080008282CD16069A8B101208A490860E6
:10274000FFF7C0FA054606E0FFF7BCFA401B022877
:1027500001D903200AE782486C300068C0F34000CA
:102760000028F1D014E000207F490860FFF7AAFAA2
:10277000054606E0FFF7A6FA401B022801D9032010
:10278000F4E677486C300068C0F340000028F1D1CF
:10279000207800F00400042870D1002770483830F9
:1027A000006800F0805090B900BF002000906C4895
:1027B0003830006840F08050694938310860084678
:1027C000006800F08050009000BF00BF01276748FC
:1027D000006800F48070B0B96448006840F480700C
:1027E00062490860FFF76EFA054606E0FFF76AFAED
:1027F000401B022801D90320B8E65C48006800F4B9
:1028000080700028F2D000BFA068012808D1544889
:102810006830006840F001005149683108601DE0EF
:10282000A06805280DD14E486830006840F00400CB
:102830004B49683108600846006840F001000860B4
:102840000CE047486830006820F0010044496831D6
:1028500008600846006820F00400086000BFA06817
:10286000A8B1FFF72FFA054609E0FFF72BFA401B46
:1028700041F28831884202D9032077E626E03848C1
:1028800068300068C0F340000028EED013E0FFF786
:1028900019FA054608E0FFF715FA401B41F28831A6
:1028A000884201D9032061E62D4868300068C0F3F2
:1028B00040000028EFD1012F07D1294838300068A7
:1028C00020F0805026493831086000BFA0690028F8
:1028D00045D02348006800F00C0008285DD0A069AE
:1028E000022845D100201F490866FFF7EBF905468D
:1028F00006E0FFF7E7F9401B022801D9032035E67F
:10290000174808380068C0F340600028F1D1D4E9C6
:1029100007010843616A40EA81110122A06AC2EB03
:10292000500041EA00412C20005D41EA00600C4962
:10293000091F086001200B490866FFF7C3F9054627
:1029400006E0FFF7BFF9401B022801D903200DE67E
:10295000034808380068C0F340600028F1D049E01F
:102960000838024000004742800E47420070004095
:10297000002021490866FFF7A5F9054606E0FFF7A4
:10298000A1F9401B022801D90320EFE51B4800688C
:10299000C0F340600028F2D12CE0A069012800D1EA
:1029A000E4E51648001D0668A069012820D006F459
:1029B0008001E06981421BD106F03F01206A81421B
:1029C00016D147F6C0703040616AB0EB811F0FD15D
:1029D00006F440310122A06AC2EB5000B1EB004F77
:1029E00006D106F070612C20005DB1EB006F01D0C4
:1029F0000120BBE50020B9E5000047420038024055
:102A000010B504460CB9012010BD606A38B9606881
:102A1000B0F5827F00D105E00021E16102E00021F4
:102A2000216161610021A16294F8510028B9002060
:102A300084F85000204600F047F8022084F8510046
:102A40002068006820F0400021680860A08800F439
:102A50008270218901F404410843A18901F40061D5
:102A60000843217C01F002010843217D01F00101AE
:102A70000843218B01F400710843217F01F03801E4
:102A800008432021095D01F080010843218D01F4F4
:102A900000510843216808600421A06901EA104040
:102AA00094F8241001F01001084321684860206860
:102AB000C06920F400602168C861002060650120C1
:102AC00084F8510000209FE710B586B00446142119
:102AD00001A8FDF721FC1B492068884230D100BFC6
:102AE000002000901848006840F4804016490860B3
:102AF0000846006800F48040009000BF00BF00BF9F
:102B00000020009010481038006840F002000E4984
:102B1000103908600846006800F00200009000BF0D
:102B200000BF4FF46040019002200290002003900B
:102B3000032004900520059001A90448FEF7BAFF80
:102B400006B010BD0038004040380240000402408A
:102B50002DE9FE4F04460F4690461D460C9E01206F
:102B60000190FFF7AFF8814694F851B06068029089
:102B7000AA46BBF1010F0BD00298B0F5827F04D1B9
:102B8000A06810B9BBF1040F02D00220BDE8FE8F8F
:102B90001FB1B8F1000F00D00DB90120F6E700BF5A
:102BA00094F85000012801D10220EFE7012084F8B9
:102BB000500000BF94F85100042802D0052084F88A
:102BC000510000206065C4F83880E587A587276339
:102BD000E586A586206460642068006800F04000F7
:102BE000402805D02068006840F040002168086057
:102BF000E068B0F5006F52D1606810B1BAF1010F12
:102C000009D1206B00882168C860206B801C20637C
:102C1000E08E401EE0863BE02068806800F0020005
:102C2000022810D1E08E70B1019801280BD1206BE1
:102C300000882168C860206B801C2063E08E401EE5
:102C4000E086002001902068806800F0010068B1F3
:102C5000E08F58B12068C068A16B0880A06B801C11
:102C6000A063E08F401EE08701200190FFF72AF863
:102C7000A0EB0900B0420BD3701C48B1012084F8CE
:102C8000510000BF002084F8500000BF03207DE702
:102C9000E08E0028C0D1E08F0028BDD152E06068EE
:102CA00010B1BAF1010F09D1206B007821680873C7
:102CB000206B401C2063E08E401EE0863CE02068D4
:102CC000806800F00200022810D1E08E70B10198F7
:102CD00001280BD1206B007821680873206B401C01
:102CE0002063E08E401EE08600200190206880680E
:102CF00000F0010068B1E08F58B12068C068A16B96
:102D00000870A06B401CA063E08F401EE08701208C
:102D10000190FEF7D7FFA0EB0900B04201D3701C71
:102D200000B94EB9012084F8510000BF002084F89A
:102D3000500000BF032029E7E08E0028BFD1E08FBC
:102D40000028BCD14A463146204602F093FE40B1ED
:102D50002020606500BF002084F8500000BF0120E3
:102D600014E7A06850B900BF002000902068C06838
:102D7000009020688068009000BF00BF012084F8A8
:102D8000510000BF002084F8500000BF606D08B102
:102D90000120FBE60020F9E67047704730B5024697
:102DA0000B4600BF92F83C00012801D1022030BD43
:102DB000012082F83C0000BF022082F83D0010682C
:102DC00044681068816824F070041868044310682F
:102DD0004460184D1068A8421BD01068B0F1804FB5
:102DE00017D0154D1068A84213D0144D1068A84292
:102DF0000FD0134D1068A8420BD0124D1068A84296
:102E000007D0114D1068A84203D0104D1068A84299
:102E100005D121F0800158680143106881600120CC
:102E200082F83D0000BF002082F83C0000BF00BFD8
:102E3000BDE7000000000140000400400008004021
:102E4000000C004000040140004001400018004018
:102E500010B504460CB9012010BD94F83D0028B906
:102E6000002084F83C00204600F026F8022084F878
:102E70003D00211D206803F067FB012084F8460017
:102E800000BF84F83E0001213F200155402001553C
:102E90004120015500BF00BF012084F842004320BB
:102EA0000155442001554520015500BF012084F8FB
:102EB0003D000020D0E7000038B504460E492068E8
:102EC000884217D100BF002000900C48006840F0F5
:102ED00010000A4908600846006800F010000090E1
:102EE00000BF00BF002205213620FFF787F93620FA
:102EF000FFF770F938BD0000001000404038024074
:102F0000014691F83D00012801D0012070470220C0
:102F100081F83D000868C06840F001000B68D86087
:102F20001A4B086898421BD00868B0F1804F17D040
:102F3000174B0868984213D0164B086898420FD078
:102F4000154B086898420BD0144B0868984207D07C
:102F5000134B0868984203D0124B086898420CD172
:102F60000868806800F00702062A0CD0086800682C
:102F700040F001000B68186005E00868006840F048
:102F800001000B6818600020C0E70000000001404D
:102F90000004004000080040000C00400004014014
:102FA00000400140001800402DE9F04104460D4664
:102FB00014B90120BDE8F08194F83D0028B9002043
:102FC00084F83C00204600F053F8022084F83D00CD
:102FD0002068806844F20701884321688860211DC9
:102FE000206803F0B1FA2068D0F80880206886696C
:102FF0002068076A286840EA080840F203308643E0
:10300000A969A86840EA0120064340F60C408643BF
:103010004FF2F0008643E969E86840EA0120064380
:1030200028690001296A40EA0130064327F0220797
:1030300027F088076969686840EA0110074320683B
:10304000C0F808802068866120680762012084F843
:10305000460084F83E0001213F200155012084F8FC
:10306000420043200155012084F83D000020A1E7E3
:1030700010B586B00446142101A8FDF74DF920686B
:10308000B0F1804F2FD100BF002000903048006881
:1030900040F001002E4908600846006800F0010079
:1030A000009000BF00BF00BF0020009028481038EB
:1030B000006840F0010026491039086008460068A1
:1030C00000F00100009000BF00BF0320019002202B
:1030D00002900020039004900120059001A91D4852
:1030E000FEF7E8FC32E01C49206888422ED100BF80
:1030F000002000901648006840F002001449086063
:103100000846006800F00200009000BF00BF00BF4A
:10311000002000900E481038006840F001000C4973
:10312000103908600846006800F00100009000BFF8
:1031300000BFC02001900220029000200390049064
:103140000220059001A90348FEF7B4FC06B010BDAB
:103150004038024000000240000400402DE9F043E6
:1031600004460D4694F83E603F20075D94F8428087
:10317000432010F804906DB9012E02D1B8F1010F6F
:1031800002D00120BDE8F083022084F83E0084F8DC
:10319000420025E0042D0CD1012F02D1B9F1010F1D
:1031A00001D00120EEE702213F20015543200155C7
:1031B00016E0012E07D1012F05D1B8F1010F02D180
:1031C000B9F1010F01D00120DCE7022084F83E00B4
:1031D00002213F200155022084F84200432001557E
:1031E00015B1042D0CD105E001220021206803F067
:1031F0001BFA10E001220421206803F015FA0AE00E
:1032000001220021206803F00FFA01220421206826
:1032100003F00AFA00BF00BF2068006840F0010018
:10322000216808600020ADE7704770B5044620684B
:10323000C5682068066906F00200022819D105F069
:103240000200022815D1401F216808610120207763
:103250002068806900F0030018B12046FFF7E4FF02
:1032600005E0204600F014F9204600F00FFA002097
:10327000207706F00400042819D105F00400042882
:1032800015D1C04321680861022020772068806939
:1032900000F4407018B12046FFF7C6FF05E0204655
:1032A00000F0F6F8204600F0F1F90020207706F053
:1032B0000800082819D105F00800082815D1C043D6
:1032C00021680861042020772068C06900F00300AD
:1032D00018B12046FFF7A8FF05E0204600F0D8F817
:1032E000204600F0D3F90020207706F010001028C7
:1032F00019D105F01000102815D1C04321680861CC
:10330000082020772068C06900F4407018B120467A
:10331000FFF78AFF05E0204600F0BAF8204600F0EB
:10332000B5F90020207706F0010048B105F0010052
:1033300030B16FF0010021680861204600F02EFADC
:1033400006F08000802809D105F08000802805D192
:10335000C043216808612046FFF71EFD06F04000CB
:10336000402809D105F04000402805D1C04321681C
:103370000861204600F01EFA06F02000202809D13E
:1033800005F02000202805D1C043216808612046AF
:10339000FFF703FD70BD000010B586B00446142190
:1033A00001A8FCF7B9FF3449206888421ED100BF4C
:1033B000002000903148006840F008002F49086064
:1033C0000846006800F00800009000BF00BF4FF4FE
:1033D00040500190022002900020039004900220AF
:1033E000059001A92648FEF765FB42E025492068C3
:1033F00088421DD100BF002000902048006840F0A6
:1034000001001E4908600846006800F001000090B5
:1034100000BF00BF04200190022002900020039012
:1034200004900220059001A91748FEF743FB20E015
:103430001649206888421CD100BF002000900F4828
:10344000006840F001000D4908600846006800F07F
:103450000100009000BF00BF0820019002200290F0
:103460000020039004900320059001A90648FEF770
:1034700021FB06B010BD00000008004030380240BB
:10348000000C0240000C00400000024000400140DF
:1034900070472DE9F04104460D461646002700BF4F
:1034A00094F83C00012802D10220BDE8F0810120FF
:1034B00084F83C0000BF36B1042E1BD0082E31D05A
:1034C0000C2E5ED145E02946206803F0BFF8206845
:1034D000806940F00800216888612068806920F0D8
:1034E000040021688861206880692969084321688F
:1034F000886148E02946206803F0E0F82068806988
:1035000040F40060216888612068806920F4806050
:103510002168886120688069296940EA0120216862
:10352000886130E02946206803F006F92068C06908
:1035300040F008002168C8612068C06920F00400DC
:103540002168C8612068C069296908432168C86189
:1035500019E02946206803F02BF92068C06940F47F
:1035600000602168C8612068C06920F4806021681B
:10357000C8612068C069296940EA01202168C861E2
:1035800001E0012700BF00BF00BF002084F83C001D
:1035900000BF384689E710B504460CB9012010BDBC
:1035A00094F83D0028B9002084F83C00204600F043
:1035B00025F8022084F83D00211D206802F0C4FF98
:1035C000012084F8460000BF84F83E0001213F201E
:1035D0000155402001554120015500BF00BF012089
:1035E00084F84200432001554420015545200155EF
:1035F00000BF012084F83D000020D0E708B51F4A35
:10360000016891420FD100BF002100911C49096857
:1036100041F004011A4A11601146096801F00401E1
:10362000009100BF29E0174A016891420FD100BF05
:10363000002100911249096841F00801104A116007
:103640001146096801F00801009100BF15E00E4A1B
:103650000168914211D100BF002100910849091D64
:10366000096841F48031064A121D1160114609684B
:1036700001F48031009100BF00BF08BD0008004088
:1036800040380240000C00400040014070470000FC
:1036900070B504460D4615B994F83E000BE0042DB4
:1036A00002D13F20005D06E0082D02D14020005DE0
:1036B00001E04120005D012801D0012070BD1DB94D
:1036C000022084F83E000EE0042D03D102213F20A9
:1036D000015508E0082D03D102214020015502E0E8
:1036E00002214120015501222946206802F09CFF59
:1036F00023492068884203D022492068884201D1AA
:10370000012000E0002028B12068406C40F4004017
:10371000216848641A49206888421BD02068B0F1AB
:10372000804F17D018492068884213D01749206865
:1037300088420FD01649206888420BD01149206872
:10374000884207D013492068884203D01249206874
:1037500088420CD12068806800F00706062E0CD045
:103760002068006840F001002168086005E02068DA
:10377000006840F001002168086000209EE700001A
:103780000000014000040140000400400008004027
:10379000000C0040004001400018004010B50446F5
:1037A00003492068884201D1FEF770FC10BD00007B
:1037B000004401407047000070B505460C460449BE
:1037C0002868884202D1204602F014FA70BD000039
:1037D00000440040704701460022002391F8412038
:1037E00091F8423042EA0300704700002DE9F84F9B
:1037F0000446206805682068C668206847694FF05D
:103800000009CA4605F00F09B9F1000F0AD105F009
:10381000200038B106F0200020B1204603F041F826
:10382000BDE8F88FB9F1000F7CD007F0010018B99E
:1038300006F49070002875D005F0010030B106F450
:10384000807018B1606C40F00100606405F0040005
:1038500030B107F0010018B1606C40F00200606404
:1038600005F0020030B107F0010018B1606C40F0C3
:103870000400606405F0080048B106F0200010B9AB
:1038800007F0010018B1606C40F008006064606CE3
:10389000002846D005F0200028B106F0200010B125
:1038A000204602F0FEFF20684069C0F3801A606C79
:1038B00000F0080010B9BAF1000F2DD0204602F038
:1038C000AAFF2068406900F04000402820D100BFD6
:1038D00000BF2168143151E8001F21F04000216829
:1038E000143141E80002002AF3D100BFE06B50B16F
:1038F0007F48E16B0865E06BFDF71DFF88B1E06B69
:10390000016D88470DE02046FFF764FF09E009E0FC
:103910002046FFF75FFF04E02046FFF75BFF002033
:1039200060647DE7206B012878D105F01000002845
:1039300074D006F010000028FAD000BF00200090DC
:1039400020680068009020684068009000BF00BFB9
:103950002068406900F04000402870D1E06B0068AA
:1039600040681FFA80F8B8F1000F58D0A08D40458C
:1039700055DDA4F82E80E06BC069B0F5807F43D0A0
:1039800000BF00BF21680C3151E8001F21F4807096
:1039900021680C3141E80002002AF3D100BF00BFCA
:1039A00000BF2168143151E8001F21F00100216897
:1039B000143141E80002002AF3D100BF00BF00BF6C
:1039C0002168143151E8001F21F0400021681431B2
:1039D00041E80002002AF3D100BF202084F8420011
:1039E0000020206300BF00BF21680C3151E8001F98
:1039F00021F0100021680C3141E80002002AF3D1C7
:103A000000BFE06BFDF741FE02206063A08DE28DF8
:103A1000801A81B22046FFF7CFFE0EE052E0A08D63
:103A200040450AD1E06BC069B0F5807F05D1022026
:103A30006063A18D2046FFF7BFFEF1E6FFE7A08D92
:103A4000E18D401A1FFA80F8E08DD0B3B8F1000F75
:103A500037D000BF00BF21680C3151E8001F21F4AE
:103A6000907021680C3141E80002002AF3D100BFB8
:103A700000BF00BF2168143151E8001F21F0010090
:103A80002168143141E80002002AF3D100BF202050
:103A900084F842000020206300BF00BF21680C3181
:103AA00051E8001F21F0100021680C3141E80002AC
:103AB000002AF3D100BF0220606341462046FFF791
:103AC0007BFEADE605F0800030B106F0800018B155
:103AD000204603F07BF8A3E605F0400030B106F085
:103AE000400018B1204602F0CCFE99E600BF97E6F0
:103AF0000568000810B504460CB9012010BDA06986
:103B000000B100E000BF94F8410028B9002084F81B
:103B10004000204600F02AF8242084F84100206864
:103B2000C06820F400502168C860204602F038FFC9
:103B30002068006920F4904021680861206840698D
:103B400020F02A00216848612068C06840F40050D5
:103B50002168C86000206064202084F8410084F857
:103B600042000020606300BFC8E7000010B586B0C7
:103B70000446142101A8FCF7CFFB3E492068884287
:103B800076D100BF002000903B48006840F4003030
:103B9000394908600846006800F40030009000BF12
:103BA00000BF00BF0020009033481038006840F08C
:103BB00008003149103908600846006800F0080024
:103BC000009000BF00BF6020019002200290002002
:103BD0000390032004900720059001A92748FDF7D2
:103BE00069FF2748274908604FF00060486040217E
:103BF000244881600021C1604FF48061016100218F
:103C0000416181614FF48071C161002101624162B3
:103C1000FDF7C6FE08B1FDF735FD00BF1948A063EA
:103C2000846300BF16481838174908604FF00060D9
:103C30004860002114488160C1604FF480610161D7
:103C4000002141618161C16101624162FDF7A8FE0D
:103C500008B1FDF717FD00BF0B48E063846300BFA8
:103C6000002205212620FEF7C9FA2620FEF7B2FA27
:103C700006B010BD0044004040380240000C024035
:103C8000A0600240C40300202404002070472DE9F6
:103C9000F84F04460E46174699464FF0000A94F82E
:103CA0004100202850D106B117B90120BDE8F88F96
:103CB00000206064212084F84100FEF703F882466A
:103CC000A784E784A068B0F5805F04D1206910B9AB
:103CD0000025B04602E035464FF000081EE053468E
:103CE000002280212046CDF8009002F09FFF20B1F5
:103CF000202084F841000320D8E745B9B8F8000037
:103D0000C0F308002168486008F1020803E0287841
:103D1000216848606D1CE08C401EE084E08C002827
:103D2000DDD15346002240212046CDF8009002F01C
:103D30007DFF20B1202084F841000320B6E7202039
:103D400084F841000020B1E70220AFE7704700BFD0
:103D5000FEE7014608684069C0F38020B0B16FF407
:103D600080600A68506100200863202081F83D00CF
:103D7000002081F83E00086C40F00400086400BF99
:103D8000002081F83C0000BF012070470020FCE7C4
:103D90002DE9F8430446884615469946DDE908674B
:103DA0002068006840F48070216808603346002273
:103DB0004FF001112046009700F08DF860B12068A7
:103DC000006800F48070B0F5807F02D14FF400707D
:103DD00020640320BDE8F88308F0FE002168086134
:103DE0003B4632462149204600F0D4F808B1012074
:103DF000F0E700BF00200090206840690090206834
:103E00008069009000BF00BF3A463146204600F06E
:103E10003EF950B1206C042805D12068006840F4B8
:103E20000070216808600120D4E7B9F1010F03D1C7
:103E3000E8B22168086117E0C5F30720216808612E
:103E40003A463146204600F022F950B1206C042851
:103E500005D12068006840F40070216808600120E6
:103E6000B8E7E8B2216808610020B3E7020001006A
:103E700070B504460D46164625E02046FFF769FF5B
:103E800008B1012070BD681CE8B1FDF71BFF801B65
:103E9000A84200D8BDB920684069C0F3800090B93D
:103EA00000202063202084F83D00002084F83E009C
:103EB000206C40F02000206400BF002084F83C000B
:103EC00000BF0120DEE720684069C0F380000028C1
:103ED000D3D00020D6E72DE9F04104460D46174621
:103EE0001E46DDF8188038E0701CA8B3FDF7EAFE26
:103EF000A0EB0800B04200D876BBC5F3074001280C
:103F00000AD120684069A9B20840A9B2884201D10B
:103F100001200BE0002009E020688069A9B2084078
:103F2000A9B2884201D1012000E00020B84214D19A
:103F300000202063202084F83D00002084F83E000B
:103F4000206C40F02000206400BF002084F83C007A
:103F500000BF0120BDE8F081FFE7C5F3074001285D
:103F60000AD120684069A9B20840A9B2884201D1AB
:103F700001200BE0002009E020688069A9B2084018
:103F8000A9B2884201D1012000E00020B842ABD0A4
:103F90000020DFE72DE9F04104460D4616461F4696
:103FA00058E020684069C0F38020E8B120680068CC
:103FB00040F40070216808606FF4806021684861F7
:103FC00000202063202084F83D00002084F83E007B
:103FD000206C40F00400206400BF002084F83C0006
:103FE00000BF0120BDE8F081701C90B3FDF76AFEB0
:103FF000C01BB04200D866BBC5F3074001280AD1F8
:1040000020684069A9B20840A9B2884201D10120C4
:104010000BE0002009E020688069A9B20840A9B23D
:10402000884201D1012000E0002090B900202063E7
:10403000202084F83D00002084F83E00206C40F0F1
:104040002000206400BF002084F83C0000BF012055
:10405000C8E7FFE7C5F3074001280AD12068406997
:10406000A9B20840A9B2884201D101200BE000208A
:1040700009E020688069A9B20840A9B2884201D14C
:10408000012000E0002000288BD00020AAE770B5B6
:1040900004460D46164625E02046FFF75AFE08B1B5
:1040A000012070BD681CE8B1FDF70CFE801BA84222
:1040B00000D8BDB920684069C0F3C01090B9002095
:1040C0002063202084F83D00002084F83E00206C0E
:1040D00040F02000206400BF002084F83C0000BFB6
:1040E0000120DEE720684069C0F3C0100028D3D06B
:1040F0000020D6E710B510210E48FDF7D5FD08B910
:10410000012010BD20210B48FDF7CEFD08B902208B
:10411000F7E704210748FDF7C7FD08B90320F0E7DA
:1041200008210448FDF7C0FD08B90420E9E7002094
:10413000E7E700000010024070B504460D4614B1D8
:104140000B48006808B9002070BD4FF47A706843CE
:104150004FF47A71B0FBF1F632462146044800680C
:1041600005F026F8012800D1EEE70020ECE700007A
:10417000C00000201CB50D48006830B900220121A4
:10418000082004F0DAFD094908600848006860B1B9
:104190000748006848B9064802210023CA01CDE952
:1041A000001004A1054805F0D9F91CBDC00000208D
:1041B000BC0000204B65795461736B00C14100085D
:1041C0001CB505F06BFA019000BF0024002517E034
:1041D000142101A804F006FB2546FFF78BFF0446D7
:1041E000084804705CB955B100950748006830B1C3
:1041F00000231A4669460448006804F087FE00BFA1
:10420000E6E70000C4000020C000002010B5FFF762
:10421000B1FF10BD08B500BF002000900E48006837
:1042200040F400100C4908600846006800F40010D3
:10423000009000BF00BF002205211020FDF7DEFF27
:104240001020FDF7C7FF002205211120FDF7D6FF42
:104250001120FDF7BFFF08BD3038024010B500F057
:1042600049FF06230CA20121084601F0C5F901F01F
:1042700021FB0D4A00210D4803F0AAFA0C49086001
:1042800000F09CFC01F0EAFAFFF7C0FF02F0AAF888
:1042900000F0B2FE10BD00004F53204C6F61646906
:1042A0006E672E2E2E000000CC9B0008195D0008C2
:1042B0000000002000B587B0142102A8FCF72CF8FC
:1042C00000BF002001905448006840F0100052499F
:1042D00008600846006800F01000019000BF00BFB1
:1042E00000BF002001900846006840F0040008600C
:1042F0000846006800F00400019000BF00BF00BF46
:10430000002001900846006840F0800008600846E0
:10431000006800F08000019000BF00BF00BF0020D7
:1043200001900846006840F00100086008460068F7
:1043300000F00100019000BF00BF00BF002001900D
:104340000846006840F0020008600846006800F077
:104350000200019000BF00BF00BF0020019008468E
:10436000006840F0080008600846006800F0080097
:10437000019000BF00BF00221F212848FDF79CFCD0
:1043800000224FF4F0612648FDF796FC012211034C
:104390002448FDF791FC00224FF480412248FDF7AC
:1043A0008BFC3C200290002003900120049002A985
:1043B0001B48FDF77FFB1F20029001200390002087
:1043C0000490059002A91548FDF774FB4FF4F060C6
:1043D00002900120039000200490059002A910484B
:1043E000FDF768FB4FF480500290012003900020FD
:1043F0000490059002A90B48FDF75CFB4FF4804048
:1044000002900120039000200490059002A9064824
:10441000FDF750FB07B000BD3038024000080240F5
:104420000010024000040240000C024010B50B488E
:104430000B4908600B484860002109488160C16051
:104440004FF480410161002141618161C1610162DC
:10445000FDF73EFC08B1FDF715F910BD0054004012
:1044600020010020801A060010B50E480E49086091
:104470004FF48270486000210B488160C160016187
:1044800041614FF4007181611021C161002101621D
:10449000416281620A21C162FEF7B2FA08B1FDF7FA
:1044A000F1F810BD003800407401002000B58BB059
:1044B000242102A8FBF730FF0020009001904FF06C
:1044C000804019490860002048600021164881603A
:1044D0004FF6FF71C16000210161816103200290EC
:1044E00000200390012004900020059006200690F3
:1044F00000200790012008900020099006200A90D3
:1045000002A90948FEF750FD08B1FDF7BBF80020ED
:104510000090019069460448FEF740FC08B1FDF7A1
:10452000B1F80BB000BD0000CC01002000B58BB08D
:10453000242102A8FBF7F0FE00200090019019480A
:1045400019490860002048600021174881604FF633
:10455000FF71C16000210161816103200290002090
:104560000390012004900020059006200690002072
:104570000790012008900020099006200A9002A9C7
:104580000948FEF711FD08B1FDF77CF80020009006
:10459000019069460448FEF701FC08B1FDF772F886
:1045A0000BB000BD000400401402002000B589B02B
:1045B0000020079008901C216846FBF7ADFE1C48C0
:1045C0001C4908605320486000211A48816040F26D
:1045D000E731C160002101618161FEF7DCFF08B1B4
:1045E000FDF750F800200790089007A91148FEF742
:1045F000D5FB08B1FDF746F860200090002001903F
:1046000002900490002269460A48FEF742FF08B172
:10461000FDF738F8042269460648FEF73AFF08B16C
:10462000FDF730F80348FEF7B7FE09B000BD000003
:10463000000800405C02002000B589B0002007900F
:1046400008901C216846FBF767FE19481949086065
:104650005320486000211748816040F2E731C16073
:104660000021016180218161FEF795FF08B1FDF70E
:1046700009F800200790089007A90E48FEF78EFB66
:1046800008B1FCF7FFFF602000904FF4FA70019032
:10469000002002900490082269460648FEF7F9FEC1
:1046A00008B1FCF7EFFF0348FEF776FE09B000BD46
:1046B000000C0040A40200201CB5002000900190D6
:1046C0000E480F490860A720486000210C4881600F
:1046D00040F2E731C16080218161FEF7B9FB08B18A
:1046E000FCF7D0FF00200090019069460448FEF7D7
:1046F00055FB08B1FCF7C6FF1CBD000000100040D0
:10470000EC02002000B587B01C216846FBF704FED0
:104710001448154908605320486000211248816000
:1047200040F2E731C1600021016180218161FEF723
:1047300032FF08B1FCF7A6FF602000904FF4FA703A
:104740000190002002900490042269460648FEF77A
:10475000A0FE08B1FCF796FF0348FEF71DFE07B068
:1047600000BD0000004001403403002010B50B489C
:104770000B4908604FF416404860002108488160EA
:10478000C16001610C21416100218161C161FFF7BC
:10479000B1F908B1FCF776FF10BD000000440040FD
:1047A0007C03002000BFFEE700B589B01A4800680E
:1047B00008B909B000BD194800788DF80400174801
:1047C00040788DF8050015484088ADF8060013487C
:1047D0008088ADF80800114890ED020A8DED030ABB
:1047E00090ED030A8DED040A006905900B484069BD
:1047F00006900B48B0F90000ADF81C00094890ED98
:10480000000A8DED080A0223002201A9024800686F
:1048100004F07CFB00BFCCE798000020A04D0020F6
:104820009C000020A00000202DED0E8B8CB004F029
:1048300035FF0B9000BF00260027FCF755FD002137
:104840000846FCF77FFD9FEDB83ADFEDB82A9FEDF3
:10485000B82ADFEDB81A9FEDB81ADFEDB80A9FED60
:10486000B80AB84801F0D4F85DE132210BA803F092
:10487000B9FFB5480078012827D1B448007801284D
:1048800023D13237B7F5FA6F03D30027701C00F03D
:10489000030626B1012E07D0022E10D10AE02321F3
:1048A0000846FCF74FFD0FE06FF022010846FCF7C9
:1048B00049FD09E02D211920FCF744FD04E0002109
:1048C0000846FCF73FFD00BF22E19F480078012821
:1048D0007ED19E4800780428FAD104F0DFFE80469D
:1048E0009FED950AF0EE408A99480068A8EB000019
:1048F000C82805D98220974908707B2096490870FE
:1049000094480078A0F18205082D0EDD00EE105AC3
:10491000B8EEC00A9FED911AC0EE010AB0EE000A8F
:1049200020EE800AF0EE408A10E015F1080F0DDA53
:1049300000EE105AF8EEC00A9FED891A80EE810A47
:10494000F0EE000A20EE200AF0EE408A9FED851A74
:10495000F0EE410A844890ED001A38EEC11AB0EE2C
:10496000410A9FED801AB4EEC10AF1EE10FA03DDA0
:104970009FED7C1AB0EE410A9FED7C1AB4EEC10A9D
:10498000F1EE10FA03D29FED791AB0EE410A7648A3
:1049900090ED001A31EE001A80ED001AB0EEE81A20
:1049A000DFED731AB4EEE11AF1EE10FA0ED290EDCB
:1049B000001AB0EEC11ADFED6F1AB4EEE11AF1EE93
:1049C00010FA03D29FED5C1A80ED001A664800E0F1
:1049D0008DE090ED000A684880ED000A674890ED90
:1049E000020AD0ED030A30EE200AF6EE000A20EEAD
:1049F000209A634890ED000ADFED620A20EE200A5B
:104A0000DFED610A09EE200A80ED000A5A4890EDB8
:104A1000000A5B48D0ED000A70EE609A564890EDAF
:104A2000000AB0EEC00ADFED520AB4EEE00AF1EE81
:104A300010FA04D2434801F00BF8002411E09FED76
:104A4000531A4F48D0ED000A4B4890ED000A3D48FC
:104A500000F066FFB0EE408ABDEEC80A10EE100A04
:104A600004B2642C00DD642414F1640F01DA6FF0E9
:104A700063044748048021462046FCF763FC454810
:104A800090ED000A10EE100AFBF714FE41EC1A0B31
:104A9000414890ED000A10EE100AFBF70BFE41ECC6
:104AA0001B0B19EE900AFBF705FE41EC1C0B34487A
:104AB0000068FBF7FFFD41EC1D0B2F4890ED000A4D
:104AC00010EE100AFBF7F6FD41EC1E0B8DED08AB66
:104AD0008DED06BB04948DED02CB8DED00DB53EC28
:104AE0001E2B2EA001F0B2F80026002710E00021B6
:104AF0000846FCF727FC0020254908809FED0E0A98
:104B00001D4880ED000A0F4800F0A2FF0026002794
:104B10009FED1E0AFCF7E2FC1848FCF7D7FBFFF7F5
:104B200043FE00F03FFBA0E66666E63F6666E6BF32
:104B30000000C8420000C8C200000000000082421D
:104B400000008C42B84D0020BA000020B8000020C0
:104B5000FC00002000010020010100200000FA42BA
:104B600000000243CDCCCC3DA4000020CDCCCCBD78
:104B70008FC2F53C8FC2753DA0000020A04D0020E3
:104B8000A80000203333333F9A99993ECDCC4C3D59
:104B90009C000020E0000020DC000020252E336671
:104BA0002C252E33662C252E33662C25642C252EA1
:104BB00033662C252E33660A000000001CB50B4816
:104BC000006830B900222021012004F0B6F807491E
:104BD00008600748032100234FF48072CDE90010DC
:104BE00004A1074804F0BAFC1CBD00009800002096
:104BF000940000204D6F746F725461736B0000005D
:104C00002948000800BFFEE710B5002000F0EAF8D0
:104C1000E22000F0C7F8012000F0E4F810BD10B564
:104C2000002000F0DFF8E12000F0BCF8012000F0E7
:104C3000D9F810BD10B5002000F0C8F8012000F030
:104C4000D1F86420FCF722FF0821002000F0D6F8FC
:104C50003F21012000F0D2F80121022000F0CEF81F
:104C60000321084600F0CAF80321042000F0C6F82A
:104C70000221052000F0C2F80E21062000F0BEF847
:104C80000421112000F0BAF8052207490A2000F09B
:104C9000C6F8FFF7C4FFFFF7B7FF7021072000F049
:104CA000ADF800F065F810BD0F01002070B50446A6
:104CB000002000F097F8204600F074F8FF2000F084
:104CC00071F80546012000F08DF8284670BD70B5DA
:104CD00005460E46002000F085F8612000F062F8DD
:104CE000002405E0FF2000F05DF82855601CC4B2E8
:104CF000B442F7DB012000F075F870BD10B500205C
:104D000000F070F8FF2000F04DF80446012000F09C
:104D100069F8204610BD000070B5FFF7EFFF0546AB
:104D20000020FFF7C3FF064606F0020018B903246F
:104D3000FFF780FF18E005F03000302803D102248F
:104D4000FFF778FF10E005F0400040280BD1012468
:104D500004210648FFF7BBFF4021072000F04EF872
:104D6000FFF752FF00E00024204670BD1401002030
:104D700010B5002000F02AF80020FFF797FF044646
:104D8000FF2C00D110BD44F003042146002000F0A8
:104D900035F80220FCF77AFE012000F017F800BF7A
:104DA000F0E7000001B582B0FF20019064200123EC
:104DB00001AA02A900900448FDF7CAFE08B1FF202D
:104DC0000EBD9DF80400FBE77401002010B50446F9
:104DD00022464FF480410248FCF76EFF10BD0000F0
:104DE000000C024010B5044622464FF480510248A0
:104DF000FCF762FF10BD00000004024070B50446DD
:104E00000D460020FFF7EEFF44F02000FFF7CAFF39
:104E10002846FFF7C7FF0120FFF7E4FF70BD2DE92B
:104E2000F04105460E4617460020FFF7DBFF45F030
:104E30002000FFF7B7FF002404E0305DFFF7B2FF6A
:104E4000601CC4B2BC42F8DB0120FFF7CBFFBDE819
:104E5000F081000000B587B01848006808B907B0B5
:104E600000BD174800788DF80400164800680290CD
:104E7000154800680390154800788DF81000134815
:104E800041788DF8111081788DF81210C1788DF865
:104E900013100F48006805900E4800788DF8180030
:104EA0000D4800788DF819000223002201A903485B
:104EB000006804F02BF800BFD1E70000E8000020F4
:104EC000EC000020F0000020F4000020F80000209A
:104ED000FC000020000100200101002008B504F0C2
:104EE000DDFB009000BFFFF7A5FE70E00A216846D9
:104EF00003F078FC36480078012803D13548007863
:104F0000032808D032480078012803D131480078BE
:104F1000042800D05BE0FFF7FFFE04462E48047033
:104F2000012C48D12D480068401C2C4908602C48B1
:104F300000782C4908702A484078487028488078C2
:104F400088702748C078C87004F0A8FB264908601C
:104F50002648007800EB400021490978451824488C
:104F6000007800EB40001E4949784618C5F38700D9
:104F70001E490870C6F387001D4908701B48007859
:104F80008238032808DA19480078823810F1030FB4
:104F900002DD822015490870154800787B38032807
:104FA00008DA134800787B3810F1030F02DD7B200C
:104FB0000F49087006E0022C04D30E480068401C1C
:104FC0000C490860FFF746FF00F0ECF800BF8DE7E2
:104FD000BA000020B8000020EC000020F000002003
:104FE00014010020F8000020FC0000200001002037
:104FF00001010020F40000201CB50B48006830B906
:1050000000221821012003F098FE07490860074894
:10501000032100234FF48072CDE9001004A106485B
:1050200004F09CFA1CBD0000E8000020E400002011
:105030004E72665461736B00DD4E000800200CE078
:10504000002106E00022064B03EBC0135A544A1C11
:10505000D1B28029F6DB421CD0B20828F0DB7047C1
:105060003C4E00202DE9F04304460D4616461F46EF
:10507000284638E0224631E0002A2DDB7F2A2BDC4F
:10508000002829DB3F2827DC4FEAE07C00EB5C7C32
:105090004FEAEC0CDFF8588008EBCC1C1CF802C07F
:1050A00003464FEAE07800EB58784FEAE808A0EBB7
:1050B000C8094FF0010808FA09F82CEA080C014663
:1050C0004FEAE07800EB58784FEAE808DFF82090E4
:1050D00009EBC81808F802C0511C0AB2A119914284
:1050E000CADC411C08B2E9198142C3DCBDE8F08387
:1050F0003C4E002010B53220FCF7C8FCAE2000F07A
:10510000EDFBD52000F0EAFB802000F0E7FBA820B3
:1051100000F0E4FB3F2000F0E1FBD32000F0DEFBD9
:10512000002000F0DBFB402000F0D8FBA12000F0C5
:10513000D5FBC82000F0D2FBDA2000F0CFFB122014
:1051400000F0CCFB812000F0C9FBCF2000F0C6FBB3
:10515000D92000F0C3FBF12000F0C0FBDB2000F001
:10516000BDFB302000F0BAFBA42000F0B7FBA62066
:1051700000F0B4FB8D2000F0B1FB142000F0AEFB7A
:10518000AF2000F0ABFBFFF759FF00F093FB10BD21
:1051900010B50246012000E050430B1EA1F10101B1
:1051A000FAD110BD00B5A3B00A48006808B923B011
:1051B00000BD01A8FBF7D4FB442201A912A8FBF70C
:1051C00092F80223002212A90248006803F09EFE12
:1051D00000BFECE7B00000202DE9F04304460D4687
:1051E00016461F46284638E0224631E0002A2DDBCD
:1051F0007F2A2BDC002829DB3F2827DC4FEAE07CD4
:1052000000EB5C7C4FEAEC0CDFF8588008EBCC1C20
:105210001CF802C003464FEAE07800EB58784FEAEA
:10522000E808A0EBC8094FF0010808FA09F88CEA71
:10523000080C01464FEAE07800EB58784FEAE8089E
:10524000DFF8209009EBC81808F802C0511C0AB218
:10525000A1199142CADC411C08B2E9198142C3DCA0
:10526000BDE8F0833C4E002070B505460C4645F085
:10527000B00000F033FB102141EA141000F02EFBC7
:1052800004F00F0000F02AFB70BD0000F8B50646E0
:105290000F4614461D46082D0CD1A4F120000E49DE
:1052A00001EB00101023082239460090304600F030
:1052B000C7F80FE0062D0DD1A4F1200000EB40004F
:1052C000064901EB4000082306223946009030468B
:1052D00000F0B6F8F8BD0000109C000800A200081D
:1052E0002DE9F04F2DED088B81B005468B46B0EED1
:1052F000408AF0EE608A16469A46129C9FED360B65
:1053000053EC102B51EC180BFBF700FA06D8234690
:105310002B2259462846FFF7B9FF0BE023462D22E2
:1053200059462846FFF7B2FF51EC180B81F00041B7
:1053300041EC180B51EC180BFBF7A3F980464046E3
:10534000FBF792F941EC190B53EC182BFBF7A8F87B
:1053500041EC180B51460A20FFF71AFF0746384662
:10536000FBF782F941EC1B0B53EC182BFBF79BF876
:1053700041EC1A0BB0EE4A0AF0EE6A0A01F0E0FCCA
:10538000B0EE409AF0EE609A51EC190BFBF779F908
:105390008146B9FBF7F08044291908B233464246EA
:1053A0005946009400F0CAF8711C01FB045108B280
:1053B00023462E225946FFF769FFB11C01FB045119
:1053C00008B253464A465946009400F0B7F801B077
:1053D000BDEC088BBDE8F08F00000000000000006D
:1053E0002DE9F04706468A4691461F46DDF82080A3
:1053F000002421E0381B411E1020FFF7C9FEB9FB35
:10540000F0F000F00F050A2D0ADA05F13001CAB2FA
:1054100004FB086108B243465146FFF737FF09E035
:1054200005F13701CAB204FB086108B24346514690
:10543000FFF72CFF601CC4B2BC42DBDBBDE8F08789
:105440002DE9FF4F80460E469146DDF834B0002529
:1054500000244A4631464046039BFFF703FE00BF47
:105460005EE0002558E008EB0500002852DB08EB61
:1054700005007F284EDC3046F11706EB5171C9104C
:105480000FB2F11706EB5171C910A6EBC10A002E3D
:1054900005DA781E07B20AF108000FFA80FA381907
:1054A000002817DB3819072814DC3819224901EBCA
:1054B000C01008EB0501405C04FB09511BF801100A
:1054C00001FA0AF1084339191B4A02EBC11108EB32
:1054D000050288543819401C00281BDB3819401C71
:1054E000072817DC3819401C134901EBC01008EBE2
:1054F0000501405C04FB09511BF80110CAF10802C8
:10550000114108433919491C0B4A02EBC11108EB40
:1055100005028854681CC5B24D45A4DB601CC4B2AA
:105520000399481EC11700EB5171012202EBE10102
:10553000A14296DCBDE8FF8F3C4E00202DE9F047EC
:105540000646894617461D46DDF82080002417E0F0
:10555000281B411E0A20FFF71BFEB7FBF0F00A21B3
:10556000B0FBF1F201FB120000F1300A04FB08610C
:1055700008B2434652464946FFF788FE601CC4B253
:10558000AC42E5DBBDE8F0872DE9F04F80468A4666
:1055900015461E46DDF82490002D07DB4B462B22D6
:1055A00051464046FFF772FE2F4606E04B462D223D
:1055B00051464046FFF76AFE6F42002418E0301B58
:1055C000411E0A20FFF7E4FDB7FBF0F00A21B0FB13
:1055D000F1F201FB120000F1300B611C01FB0981AB
:1055E00008B24B465A465146FFF750FE601CC4B203
:1055F000B442E4DBBDE8F08F2DE9FE4F07468A4652
:10560000144698460025AB460026CBE0605D00F0CE
:10561000800058B94FF0010B2846691C8DB2205C00
:105620008DF8040000208DF805006BE0605D00F04F
:10563000E000C02814D14FF0020B2846691C8DB23F
:10564000205C8DF80400605D00B9AFE02846691C5D
:105650008DB2205C8DF8050000208DF8060051E029
:10566000605D00F0F000E0281DD14FF0030B2846EC
:10567000691C8DB2205C8DF80400605D00B995E076
:105680002846691C8DB2205C8DF80500605D00B96C
:105690008CE02846691C8DB2205C8DF80600002045
:1056A0008DF807002EE0605D00F0F800F02826D1AC
:1056B0004FF0040B2846691C8DB2205C8DF8040065
:1056C000605D00B972E02846691C8DB2205C8DF8DF
:1056D0000500605D00B969E02846691C8DB2205C58
:1056E0008DF80600605D00B960E02846691C8DB247
:1056F000205C8DF8070000208DF8080002E0681C8F
:1057000085B24FE0BBF1010F0BD19DF80420B91910
:1057100008B243465146FFF7B9FD06EB080086B2D2
:105720003FE04FF000090EE009EB890101EB491160
:10573000204A881801A9FAF701FE00B90EE009F124
:1057400001001FFA80F909EB890101EB4911194A9F
:10575000881819A1FAF7F2FD0028E5D100BFB8F1C9
:10576000080F12D109EB890000EB491011490844D8
:10577000401DB919009008B210231A465146FFF790
:105780005FFE06F1100086B20BE0B8F1060F08D1FB
:10579000B91908B206233F225146FFF777FDB01D25
:1057A00086B200BF605D00287FF430AF00BFBDE867
:1057B000FE8F00003AA400080000000008B503F0C6
:1057C0006DFF009000BFFBF741FD41E032216846CC
:1057D00003F008F8FBF7E4FC044605E02046FBF77D
:1057E000E9FCFBF7DDFC0446002CF7D11948006802
:1057F00038B1002218491748006803F0D9FC012885
:1058000001D0FBF723FDFFF719FC1348407810B9CE
:10581000FBF722FA19E010480078052810D2DFE8DB
:1058200000F0100306090C00FBF78EFA0CE0FBF702
:10583000E7FB09E0FBF732FB06E0FBF739F903E091
:1058400000BFFBF709FA00BF00BF00F033F800BF4C
:10585000BCE70000B0000020E04D00201CB50E4861
:10586000006820B9012003F057FA0B4908600B4883
:10587000006830B900224421012003F05EFA074994
:1058800008600748012100234A02CDE9001005A164
:10589000074803F063FE1CBDB4000020B0000020E8
:1058A000AC0000204F4C45445461736B0000000075
:1058B000BD57000810B500240BE000212046FFF77B
:1058C000D3FC054901EBC410802100F019F8601CDD
:1058D000C4B2082CF1DB10BD3C4E002001B584B0F1
:1058E0006420012104AA0B46CDE900210290002288
:1058F00078210248FCF7D4FA05B000BD2001002051
:105900003EB504460D466420012340227821CDE9AE
:10591000004502900148FCF7C3FA3EBD200100207B
:1059200010B52DED088B0446B0EE409AF0EE609A6B
:10593000F0EE418A24B99FED2A0ABDEC088B10BD18
:10594000F5EEC08AF1EE10FA02D894ED050AF4E7FC
:1059500039EE698A94ED000A20EE08AA94ED030A54
:1059600008EE280A84ED030AD4ED091AB0EE611A94
:10597000D4ED081AF0EE610AD4ED031AB0EE610A14
:1059800000F030F884ED030A94ED010AD4ED030A27
:1059900060EE20AA94ED040A38EE400AC0EE28BA60
:1059A00094ED020A20EE2BBA3AEE2A0A30EE0B0AE8
:1059B00084ED050AD4ED071AB0EE611AD4ED061A8B
:1059C000F0EE610AD4ED051AB0EE610A00F00AF8B3
:1059D00084ED050A84ED048A94ED050AADE7000024
:1059E00000000000F0EE401AF4EEE01AF1EE10FABA
:1059F00002D2B0EE600A7047F4EEC11AF1EE10FA6E
:105A000002DDB0EE410AF6E7B0EE610AF3E700000E
:105A100000B9704780ED000AC0ED010A80ED021A5E
:105A2000DFED0A3AC0ED033ADFED083AC0ED043A83
:105A3000DFED063AC0ED053AC0ED061A80ED072A03
:105A4000C0ED082A80ED093A00BFE2E7000000003F
:105A500000B970479FED060A80ED030A9FED040A26
:105A600080ED040A9FED020A80ED050A00BFF0E711
:105A7000000000007CB504460E4615463346012260
:105A800002212046009500F039F828B1606D40F001
:105A90002000606503207CBD164800681821B0FB1B
:105AA000F1F01549B0FBF1F04FF47A7148430190E1
:105AB0006068B0F5827F0DD13346002280212046F8
:105AC000009500F01BF898B1606D40F02000606513
:105AD0000320E0E700BF019800B908E00198401EEC
:105AE000019020688068C0F3C0100028F3D100BF87
:105AF0000020D0E71000002040420F002DE9F84FB1
:105B000004460D4690461E46DDF82890FCF7DAF86C
:105B1000A0EB0900371AFCF7D5F882462C4800683C
:105B2000C0F3CB307843009046E0701C002843D08F
:105B3000FCF7C8F8A0EB0A00B84200D2A7BB206867
:105B4000406820F0E000216848606068B0F5827F1E
:105B50000DD1A068B0F5004F03D0A068B0F5806FFC
:105B600005D12068006820F0400021680860A06A24
:105B7000B0F5005F0DD100BF2068006820F4005030
:105B8000216808602068006840F4005021680860BF
:105B900000BF012084F8510000BF002084F85000AD
:105BA00000BF0320BDE8F88FFFE7009808B9002781
:105BB00002E00098401E0090206880682840A842BB
:105BC00001D1012000E000204045AED10020E9E7EE
:105BD0001000002070B504460D4600F093F84FF415
:105BE0007A732A4621460248FEF751F870BD00003C
:105BF0007C03002070B504461248008884420ADD08
:105C00001048058804E01049485D00F039F86D1C23
:105C1000A542F8DB13E00B48058804E00A49485D1B
:105C200000F02EF86D1CB5F5FA7FF7DB002504E0D7
:105C30000549485D00F024F86D1CA542F8DB0148D9
:105C4000048070BD1C010020305400200FB438B512
:105C500005A800904FF4FA710848009B049A01F0DF
:105C600035F8002000900548FAF761FB84B2214620
:105C70000248FFF7AFFF38BC5DF814FB3856002030
:105C80001C49097859B9402832D11B49097879BB98
:105C90000121184A11700021184A117028E0154995
:105CA0000978012913D10D2803D10221114A11705D
:105CB0001EE012490978B1F5F97F19DC0F490A781D
:105CC0000978491C0D4B19700D49885410E0094999
:105CD000097802290CD10A280AD10021054A11703D
:105CE00000220749054B1B78CA540121024A117052
:105CF0007047000019010020180100201A0100203F
:105D00003C52002010B500BF0248FDF764FD212879
:105D1000FAD010BD7C03002003E04FF47A7001F04C
:105D200001FDFAE710B50021084600F071F80021E6
:105D3000012000F06DF80021084600F051F8002124
:105D4000012000F04DF808210348FDF7A1FC0421D3
:105D50000248FDF79DFC10BDA40200203403002082
:105D600000B585B01648006808B905B000BD1548F3
:105D700000788DF80000144800788DF80100134871
:105D800000788DF80200124890ED000A8DED010AAE
:105D9000104890ED000A8DED020A0F4890ED000AC0
:105DA0008DED030A0D4890ED000A8DED040A0223E3
:105DB000002269460248006803F0A8F800BFD4E753
:105DC000CC000020DA000020D8000020D9000020FC
:105DD000D0000020D4000020DC000020E0000020E3
:105DE00070B504460D460DB1012000E000200646C6
:105DF0002CB9324680210548FBF75EFF05E03246AC
:105E00004FF400710148FBF757FF70BD00100240CE
:105E100070B505460C4635B922464FF480710548E9
:105E200000F004FB05E022464FF48061014800F0D9
:105E3000FDFA70BD0010024070B52DED028B0546D5
:105E4000B0EE408AB5EEC08AF1EE10FA06D8002115
:105E5000284600F01DF8BDEC028B70BD9FED0A0ACC
:105E600028EE000ADFED090AC0EE208AB6EE000A2D
:105E700038EE800ABCEEC00A10EE104A21462846D1
:105E800000F006F800BFE6E70000C84500007042D9
:105E900070B505460C462DB922460821044800F08D
:105EA0000BF804E022460421024800F005F870BD1A
:105EB000A4020020340300202DE9F04704460D46DB
:105EC0001746AFB91DB90021226851630EE0042DB9
:105ED00003D100212268916308E0082D03D100213D
:105EE0002268D16302E0002122681164BDE8F087D6
:105EF0002A4A2168914208D1FCF7CCFA284909685E
:105F000001F4604149B1400007E0FCF7B3FA2449CD
:105F1000096801F4E05101B14000D4F8049009F19E
:105F20000101B0FBF1F8B8FBF7F14E1E00BF21688C
:105F3000096A41F21112114051B92168096A92109F
:105F4000114029B92168096821F001012268116016
:105F500000BF00BF2168CE62E66000BF25B9711C9A
:105F600049082268516311E0042D04D1711C4908CD
:105F7000226891630AE0082D04D1711C4908226847
:105F8000D16303E0711C4908226811642168096823
:105F900041F001012268116000BFA7E70040014005
:105FA000083802402DED0C8B82B003F077FB019096
:105FB00000BF0024002500260027FFF7B3FE0021C4
:105FC0000846FFF725FF00210120FFF721FF0020F1
:105FD000EF490870EF490870EF490870ED48017803
:105FE0000020FFF7FDFEEC4801780120FFF7F8FEE6
:105FF0009FEDEA0AEA4880ED000A9FEDEA0AEA48C6
:1060000080ED000AE64890ED000A0020FFF714FF3B
:10601000E54890ED000A0120FFF70EFFB6E11421DC
:1060200001A802F0DFFBE1480078012803D1E04835
:10603000007802282CD0DD480078012803D1DC4804
:106040000078042824D0AEB19FEDDA0A0020FFF7D3
:10605000F3FE9FEDD80A0120FFF7EEFE002108466F
:10606000FFF7D6FE00210120FFF7D2FE0020C8492D
:1060700008700026002400259FEDCE0ACE4880ED52
:10608000000A9FEDCC0ACD4880ED000A00277DE193
:106090005EB901210020FFF7BBFE01210846FFF792
:1060A000B7FE0120BA4908700126C04800780128CF
:1060B0006DD1BF480078022869D1022F01D0002499
:1060C0000025143540F6B83085425FD30025601CAA
:1060D00000F003047CB90020AE490870AE49087096
:1060E0009FEDAE0AAE4880ED000A9FEDAE0AAE48C5
:1060F00080ED000A34E0012C0FD10120A549087081
:10610000A54908709FEDAE0AA54880ED000A9FEDF5
:10611000AC0AA54880ED000A22E0022C10D1002034
:106120009C49087001209C490870B3EE0E0A9C48F7
:1061300080ED000A9FED990A9B4880ED000A0FE070
:106140000120944908700020934908709FED990A36
:10615000934880ED000A9FED970A934880ED000A6E
:106160008C4801780020FFF73BFE8B480178012026
:10617000FFF736FE8A4890ED000A0020FFF75CFE2C
:10618000894890ED000A0120FFF756FEF7E08748A6
:1061900000780128FAD1864800780428F6D19FEDCE
:1061A000890AF0EE40BA9FED880AB0EE40CAB3EE1D
:1061B0000E0AF0EE40CAB7EE000AB0EE40DA8348AD
:1061C00000787B3800EE100AB8EEC00AB0EE408AC4
:1061D000042F04D09FED770A784880ED000AB1EED5
:1061E000040AB4EEC08AF1EE10FA08DD9FED780AD9
:1061F000C8EE000A9FED730A60EE808A11E0B9EEE6
:10620000040AB4EEC08AF1EE10FA08D2DFED710A8A
:1062100088EE200ADFED6B0A60EE208A01E0DFEDF8
:10622000658A6548C0ED008A90ED000A6348D0EDAC
:10623000000A30EE609AB0EEC9AAB7EE000AB4EEDA
:10624000C0AAF1EE10FA1AD89FED5A0A544880ED10
:10625000000A9FED580A544880ED000A9FED550A48
:106260000020FFF7E9FD9FED530A0120FFF7E4FD51
:10627000514890ED000A514880ED000A7EE09FED04
:10628000510A8AEE00BAB7EE000AB4EEC0BAF1EED7
:1062900010FA03DDB7EE000AB0EE40BADFED4E0AA9
:1062A000B3EE0E0AF0EE409A40EE8B9AB5EEC09A2D
:1062B000F1EE10FA01DC012000E000203549087001
:1062C00008460078344908703548C0ED009A3648D1
:1062D000C0ED009A2F4801780020FFF781FD2E487D
:1062E00001780120FFF77CFD2D4890ED000A002089
:1062F000FFF7A2FD2C4890ED000A0120FFF79CFD5E
:106300009FED360A69EE800A9FED241A80EE810A1D
:10631000DFED330A60EE20AAB5EEC09AF1EE10FA76
:1063200016DD264890ED000A30EE2A0A80ED000ABC
:1063300090ED000A2048D0ED000AB4EEE00AF1EE3C
:1063400010FA1BDD90ED000A1C4880ED000A15E0F4
:106350001A4890ED000A30EE6A0A80ED000A90EDCE
:10636000000A1548D0ED000AB4EEE00AF1EE10FA8A
:1063700004D290ED000A114880ED000A00BF0C48DD
:106380000778FFF7EDFCFEF70DFF00BF47E60000C2
:10639000DA000020D8000020D90000200000704260
:1063A000D00000200000B442D4000020BA00002039
:1063B000B800002000000000DC000020E000002009
:1063C0000000F04200000C420000204301010020C8
:1063D000000004430000F642000002430000B44302
:1063E0000AD7A33C1CB50B48006830B90022142121
:1063F000012002F0A2FC074908600748032100239E
:106400004FF48072CDE9001004A1074803F0A6F80C
:106410001CBD0000CC000020C80000205374657033
:106420007065725461736B00A55F000870B5054616
:106430000E4614460CB9012000E000200246314609
:106440002846FBF739FC70BD10B54FF0E02000691D
:1064500003F014F9012801D002F044FC10BD000043
:1064600000B593B0302107A8F9F756FF142102A810
:10647000F9F752FF00BF002001902448006840F067
:106480008050224908600846006800F08050019062
:1064900000BF00BF00BF002001901D48006840F40D
:1064A00080401B4908600846006800F48040019065
:1064B00000BF00BF012007900004089002200D904B
:1064C00041050E9104210F91A821109102211191F3
:1064D0000721129107A8FCF745F808B1FBF7D2F89D
:1064E0000F20029002200390002004904FF4A0504F
:1064F00005904FF480500690052102A8FBF7D0FECE
:1065000008B1FBF7BFF813B000BD000040380240EF
:10651000007000400348006840F4700001490860C2
:106520007047000088ED00E010B50248FCF77DFEE2
:1065300010BD00008404002010B50248FCF775FE71
:1065400010BD0000EC02002010B502682B4B9842F1
:106550000ED0B0F1804F0BD0294B984208D0294B78
:10656000984205D0284B984202D0284B984203D13C
:1065700022F070024B681A43204B984220D0B0F1B1
:10658000804F1DD01E4B98421AD01E4B984217D0F8
:106590001D4B984214D01D4B984211D01C4B984271
:1065A0000ED01C4B98420BD01B4B984208D01B4B73
:1065B000984205D01A4B984202D01A4B984203D108
:1065C00022F44072CB681A4322F080034C6943EAFC
:1065D00004028B68C3620B688362084B984202D046
:1065E0000A4B984201D10B690363036843F004032B
:1065F000036001234361026010BD00000000014000
:106600000004004000080040000C0040000401406D
:106610000040014000440140004801400018004093
:10662000001C00400020004030B501F01F0501248F
:1066300004FA05F3046A9C430462046A01F01F052E
:1066400002FA05F52C43046230BD000030B5026A41
:10665000056A25F0010505624368846924F0700429
:1066600024F003040D682C4322F002028D682A43B3
:10667000104DA84200D103E00F4DA84206D100BF43
:1066800022F00802CD682A4322F00402094DA842F4
:1066900002D0094DA84207D123F4807323F400737C
:1066A0004D692B438D692B43436084614D6845637D
:1066B000026230BD000001400004014030B5026AB2
:1066C000056A25F0100505624368846924F4E044F6
:1066D00024F440740D6844EA052422F020028D68F9
:1066E00042EA0512124DA84200D103E0114DA84222
:1066F00007D100BF22F08002CD6842EA051222F0E5
:1067000040020B4DA84202D00A4DA84209D123F401
:10671000806323F400634D6943EA85038D6943EA8E
:106720008503436084614D688563026230BD00006B
:10673000000001400004014030B5026A056A25F4FA
:10674000807505624368C46924F0700424F0030472
:106750000D682C4322F400728D6842EA0522124D26
:10676000A84200D103E0114DA84207D100BF22F496
:106770000062CD6842EA052222F480620A4DA842F6
:1067800002D00A4DA84209D123F4805323F40053C8
:106790004D6943EA05138D6943EA05134360C461FB
:1067A0004D68C563026230BD000001400004014035
:1067B00030B5036A056A25F4805505624468C269EC
:1067C00022F4E04222F440720D6842EA052223F4EA
:1067D00000538D6843EA0533084DA84202D0084DA6
:1067E000A84204D124F480444D6944EA85144460ED
:1067F000C2614D680564036230BD000000000140C5
:106800000004014070B50446A56B0020E8852846C9
:10681000FCF7E0FF70BD00BF00BF02680C3252E819
:10682000002F22F4907102680C3242E80013002B12
:10683000F3D100BF00BF00BF0268143252E8002F3E
:1068400022F001010268143242E80013002BF3D158
:1068500000BF016B01290ED100BF00BF02680C32DE
:1068600052E8002F22F0100102680C3242E80013B7
:10687000002BF3D100BF202180F8421000210163DA
:10688000704710B504462068C06820F040002168B9
:10689000C860202084F841002046FDF757FA002008
:1068A00010BDF8B504460025002694F842002228C1
:1068B00073D1A068B0F5805F0BD1206948B9A66A92
:1068C00020684068C0F308003080A06A801CA06285
:1068D00014E0A56AA068B0F5805F03D0A06828B96D
:1068E000206918B920684068287004E02068406872
:1068F00000F07F002870A06A401CA062E08D401E5E
:1069000080B2E085002846D12068C06820F02000D1
:106910002168C8602068C06820F480702168C86061
:106920002068406920F0010021684861202084F837
:10693000420000206063206B012826D100202063E4
:1069400000BF00BF21680C3151E8001F21F010008A
:1069500021680C3141E80002002AF3D100BF206811
:10696000006800F0100010280AD100BF002000903D
:1069700020680068009020684068009000BF00BF59
:10698000A18D2046FCF718FF02E02046FDF77EF9B6
:106990000020F8BD01E00020FBE70220F9E700003D
:1069A0002DE9F84F04462068006920F44050E16862
:1069B0000843216808612169A068084361690843A8
:1069C000E169084300902068C06849F20C6188437F
:1069D000009908432168C8602068406920F440702D
:1069E000A16908432168486176492068884203D03C
:1069F00075492068884203D1FBF74CFD814602E0CF
:106A0000FBF738FD8146E069B0F5004F6CD10220FC
:106A10006168A0FB015003461920A9FB00700146E4
:106A20002A463846F9F72EFC6421B0FBF1F04FEA14
:106A3000001A02206168A0FB01510B461920A9FB36
:106A400000712A463846F9F71DFC8346022061682A
:106A5000A0FB015003461920A9FB00712A463846C5
:106A6000F9F710FC6421B0FBF1F000EBC00101EB81
:106A70000010ABEB8000322101EBC0006421B0FBC1
:106A8000F1F000F0F8000AEB400A02206168A0FB78
:106A9000015003461920A9FB007001462A463846DA
:106AA000F9F7F0FB834602206168A0FB0150034622
:106AB0001920A9FB00712A463846F9F7E3FB642147
:106AC000B0FBF1F000EBC00101EB0010ABEB80007C
:106AD000322101EBC0006421B0FBF1F000F00700AF
:106AE0005044216888606AE004206168A0FB01507E
:106AF00003461920A9FB007001462A463846F9F7DB
:106B0000C1FB824604206168A0FB015003461920A6
:106B1000A9FB007001462A463846F9F7B3FB642109
:106B2000B0FBF1F000EBC00101EB0010AAEB80001C
:106B3000322101EB00106421B0FBF1F000F0F00A0B
:106B400004206168A0FB017003461920A9FB0051D5
:106B50003A462846F9F796FB6421B0FBF1F00AEBC0
:106B6000001A04206168A0FB01510B461920A9FB03
:106B700000712A463846F9F785FB83460420616890
:106B8000A0FB015003461920A9FB007001462A46CC
:106B90003846F9F777FB6421B0FBF1F000EBC00158
:106BA00001EB0010ABEB8000322101EB00106421FF
:106BB000B0FBF1F000F00F00504421688860BDE8A0
:106BC000F88F00000010014000140140014691F8C8
:106BD0004100212828D18868B0F5805F0BD1086971
:106BE00048B90A6A1088C0F308000B685860086A40
:106BF000801C086205E00B6A581C086218780B6854
:106C00005860C88C401E80B2C88458B90868C068F3
:106C100020F080000B68D8600868C06840F0400031
:106C20000B68D860002070470220FCE72DE9F8438C
:106C300004460D4617469846089E31E0701C70B316
:106C4000FBF740F8A0EB0800B04200D816B90320CB
:106C5000BDE8F8832068C06800F00400F8B1802D1A
:106C60001ED0402D1CD020680068C0F3C000B0B119
:106C700000BF0020009020680068009020684068F5
:106C8000009000BF00BF2046FFF7C5FD08206064EC
:106C900000BF002084F8400000BF0120D8E7FFE7D4
:106CA000206800682840A84201D1012000E00020AF
:106CB000B842C3D00020CBE710B50248FCF796FDE0
:106CC00010BD00007C03002000BFFEE77CB50C0077
:106CD0001D461646014601D0601E00E00020CDE9A9
:106CE0000010064B6A462946304600F06BF9002C2E
:106CF00002D0009A002111707CBD0000CB76000804
:106D000002480068C0F30220704700000CED00E06C
:106D100010B5002804DB0A07130E054A135406E0D9
:106D20000A07140E034A00F00F031B1FD45410BDB2
:106D300000E400E018ED00E0EFF30580704700008C
:106D400010B52DED020B2DED088B84B09DED0C0BD5
:106D500051EC100BF9F796FD41EC180B9DED0C0B67
:106D600053EC182B51EC100BF9F797FB41EC190B76
:106D70000D989FED290B10F0004F53EC102B51ECA8
:106D8000190B9FED21AB9FED22BB0ED0F9F7A6FCAE
:106D90000ED953EC1B2B51EC190BF9F7B7FC1CD295
:106DA00014E000BF41EC180B17E0F9F797FC06D28E
:106DB00053EC1A2B51EC180BF9F76FFBF2E753EC7D
:106DC0001B2B51EC190BF9F7A1FC06D853EC1A2B2D
:106DD00051EC180BF9F7C0FAE4E78DED028B9DED4D
:106DE0000C0B18EE901A10EE900A8DED000B61F36B
:106DF0001E0003909DED020B04B0BDEC088B02B0A9
:106E000010BD000000000000000000000000F03F86
:106E1000000000000000E03F000000000000E0BFB4
:106E200002E008C8121F08C1002AFAD17047704753
:106E3000002001E001C1121F002AFBD170470000B1
:106E40002DE9FF5F82B00021DDE90430020DDDF89D
:106E500040B0034318D044F61050A2F2FF32424330
:106E60001514119801281FD0A5EB0B00401C5FEAF8
:106E7000000A4FF000064E4FDFF83891B0465046FA
:106E800015D5CAF1000413E0119801244AA3012882
:106E900001D16FEA0B010298119AC0E90031C0E9F3
:106EA000024206B0BDE8F09FCBF10000DFE70446E8
:106EB0000021404A491842EB0450CDE9001012E08D
:106EC000E00707D032463B4640464946F9F7EBFA21
:106ED0008046894632463B4610461946F9F7E3FAA2
:106EE00006460F466410002CEAD1DDE90401DDE915
:106EF0000023BAF1000F06DAF9F7D5FA42464B46FD
:106F0000F9F7D1FA05E0F9F740FB42464B46F9F7AD
:106F10003CFB04460E460022284BF9F7F7FB03D84A
:106F20004FF0FF30014607E00022254B2046314656
:106F3000F9F712FAF9F7EAFC102409E0002C0ADB51
:106F40000A220023F9F79EF9039B30321A55641E7A
:106F500050EA0102F2D1641C039AC4F111031444F3
:106F6000119A012A03D0012208430DD10AE00843F7
:106F700004D000204FF0110B119072E7A3EB0B052A
:106F80006D1E0DE05B4504DD4FF0000205F10105CB
:106F900004E003DA4FF00002A5F10105002AECD06D
:106FA00002981199C0E90231C0E9004579E7000073
:106FB000000014400000F03F300000000000F043EB
:106FC0000000E03F2DE9FF4F95B09A4688460646FF
:106FD0000025EEE1252877D100242746F94A012132
:106FE000039400E0044316F8013F203B01FA03F04C
:106FF0001042F7D130782A2811D06FF02F03307863
:10700000A0F13002092A16D8039A44F0020402EBD8
:10701000820203EB42021044761C0390EFE758F81B
:10702000042B0392002A03DA504244F400540390E4
:1070300044F00204761C30782E2816D116F8010F81
:1070400044F004042A280DD06FF02F023078A0F10C
:107050003003092B09D807EB870302EB4303C7185A
:10706000761CF3E758F8047B761C30786C280FD038
:1070700006DC4C2817D068280DD06A2814D104E00B
:10708000742810D07A280FD10DE044F400140AE0DF
:1070900044F4801401E044F440147278824202D136
:1070A00004F58014761C761C307866280BD013DC2F
:1070B000582877D009DC002875D04528F6D0462816
:1070C000F4D047281AD193E118E0632835D064281A
:1070D00079D0652812D18BE1702873D008DC67283D
:1070E000F1D069286FD06E280DD06F2806D1ACE0A2
:1070F00073282CD0752874D0782853D0524617990D
:1071000090476D1C54E1C4F30250022809D00328B3
:107110000DD0D8F8001004280DD00D6008F1040837
:1071200046E1D8F80010EA17C1E90052F6E7D8F8AE
:1071300000100D80F2E70D70F0E718F8041B8DF8D1
:10714000001000208DF80100EB46012003E058F804
:1071500004BB4FF0FF3061074FF0000102D40DE097
:1071600009F101018946B9420FDA8145F8DB1BF8C4
:1071700009100029F4D108E009F101018946814292
:10718000FADB1BF809100029F6D103985346A0EB4F
:10719000090721463846179A00F080FA284400EB88
:1071A000090507E044E008E10DE01BF8010B524639
:1071B00017999047B9F10109F7D25346214638464D
:1071C000179AF2E039E00A21C4F302524FF0000BA3
:1071D0000091022A06D058F8040BC117032A09D0DF
:1071E0000AE023E008F1070020F00702F2E80201BC
:1071F000904605E000B2C117042A01D140B2C11780
:10720000002906DA0A460021404261EB02012D22E4
:1072100002E0220504D52B228DF80420012203E090
:10722000E20701D02022F7E7914657E00A2100E06B
:1072300010214FF0000B00910BE010214FF0000BDC
:1072400044F004040827009103E008204FF0000BED
:107250000090C4F30252022A05D058F8040B002112
:10726000032A08D008E008F1070020F00702F2E83E
:107270000201904603E080B2042A00D1C0B24FF070
:10728000000922072AD53278702A07D0DDF800C01D
:107290008CF0100C5CEA0B0C05D00EE040228DF84F
:1072A0000420012208E050EA010306D030238DF8C3
:1072B00004308DF8052002229146009B83F00803DC
:1072C00053EA0B030AD150EA010201D1620705D546
:1072D00030228DF804204FF001097F1E3278582AA1
:1072E00004D039A20C920CAA02920BE03BA2F9E75F
:1072F0005B46009AF8F7C6FF0C9B9B5C029A521EF5
:107300000292137050EA0102F2D1029804A9081AFD
:1073100000F1200B600702D524F4803400E001273F
:107320005F4502DDA7EB0B0000E0002000EB0B0146
:10733000009003984944401A0390E00306D4534652
:107340002146179A039800F0A9F90544002706E0A2
:1073500001A85246C05D179990476D1C7F1C4F4590
:10736000F6DBE0030CD553462146179A039800F04C
:1073700095F9054404E030205246179990476D1C5A
:107380000099481E00900029F5DC08E00298029957
:1073900052460078491C0291179990476D1CBBF129
:1073A0000001ABF1010BF1DC5BE100F065F9054494
:1073B000761C307800287FF40DAE19B02846BDE861
:1073C000F08F000009280100303132333435363770
:1073D0003839616263646566000000003031323321
:1073E00034353637383941424344454600000000C1
:1073F000600700D4062708F1070020F00700F0E836
:107400000223804603F0004C5FEA0C0001D097A0F5
:1074100009E0200501D596A005E0E00701D095A080
:1074200001E0AFF24C001390307823F00043652860
:107430000CD006DC452809D046281DD047287FD12E
:107440003BE0662818D067287AD136E00021112F5A
:1074500001DB112000E0781CCDE9000104A90CA893
:10746000FFF7EEFCDDE90D010C9A4FF0000B07F180
:107470000109109200914EE04FF000400097CDE9D5
:10748000011004A90CA8FFF7DBFCDDE90D020C9B41
:107490000F994FF0000B91461093009211B9791C8F
:1074A00000EB0109B7EB090003D4C0F1FF3B07F182
:1074B0000109A9EB0700019042E0012F00DA012742
:1074C0000021112F01DD112000E03846CDE9000137
:1074D00004A90CA8FFF7B4FCDDE90D010C9A00919A
:1074E0004FF0000BB946109221070FD4009A4A457D
:1074F00003DA914601E0A9F10109B9F1010F05DDB7
:10750000109AA9F10101515C3029F4D0B84202DA95
:1075100010F1040F03DA0121CDE9011010E0002879
:1075200003DC8344A9EB000102E0411C494500DD76
:107530008946A0EB0B00401C01904FF000400290E8
:10754000200705D40198484502DB4FF0FF30019039
:1075500000208DF84B0002980DF14B07B0F1004F61
:1075600025D002200C902B200D90029800280CDAD8
:10757000404202902D200D9007E00A210298F9F771
:10758000DDF83031029007F8011D0C99481E0C906F
:107590000029F2DC02980028EFD1791E0D980870BE
:1075A000307800F0200040F0450007F8020D11A8E7
:1075B000C01BC01D02901398007800B1012000EBA1
:1075C0000901019801EBE071029801440398401A07
:1075D000401E0390E00306D453462146179A0398B1
:1075E00000F05CF805441398007818B152461799DA
:1075F00090476D1CE00323D553462146179A039804
:1076000000F04CF805441BE0BBF1000F07DB0098CD
:10761000584504DD1098179910F80B0001E01799F0
:1076200030205246904701980BF1010B401E05F1A6
:107630000105019004D12E205246179990476D1CE8
:10764000B9F10001A9F10109DEDC05E017F8010B31
:107650005246179990476D1C0299481E02900029C6
:10766000F4DC53462146179A03989EE62D0000004D
:107670002B000000200000002DE9F0410446002509
:107680001E461746880404D405E039462020B0473A
:107690006D1C641EF9D52846BDE8F0812DE9F04146
:1076A000044600251E469046C80301D5302700E059
:1076B0002027880404D505E041463846B0476D1CB4
:1076C000641EF9D52846BDE8F0814A68002A06D034
:1076D0000A68531C0B6010704868401E4860704771
:1076E000FAF7E0FCFEF7BCFEFCF7E4FDFCF792FDC8
:1076F000FDF73CF8FCF79AFEFCF7DEFFFCF7D6FE40
:10770000FCF714FFFCF752FFFCF796FFFCF7FAFFBB
:10771000FCF7AAFE00F016F8FCF7A0FD00F028F830
:1077200000BFFEE770B50546FFF706FB10B16FF02E
:10773000050404E0002415B1284601F025F8204690
:1077400070BD000010B5FFF7F7FA10B16FF0050437
:1077500009E00648006820B90120044908600024B7
:1077600001E04FF0FF34204610BD0000640000200F
:1077700070B5FFF7E1FA10B16FF005041FE0114892
:107780000068012819D100BF801F0021002804DBF8
:107790000A07130E0C4A135406E00A07150E0B4A8B
:1077A00000F00F031B1FD55400BF00BF0220054986
:1077B000086001F037F9002401E04FF0FF34204663
:1077C00070BD00006400002000E400E018ED00E05F
:1077D0002DE9FF4780468946144600200390FFF7B5
:1077E000ABFA00284ED1B8F1000F4BD080261825F7
:1077F0008246471E44B3206808B1D4F800A0A069AF
:1078000000B1A5692DB1382D03D8207900F0010011
:1078100018B1002004B0BDE8F087606908B1606964
:107820008608A06840B1E0685C2805D3206918B1DB
:10783000606908B1012708E0A06830B9E06820B9A4
:10784000206910B9002700E00027012F0CD1216921
:10785000A0684B463246CDE9005102905146404661
:1078600001F0AEFE03900DE067B903A8B2B24B463B
:107870005146CDE90050404601F070FE012801D08C
:10788000002003900398C5E72DE9F04105460E4618
:107890001648076816480068001D00F0EDFD681CDA
:1078A00038B936B112480168091D124800F03AFE95
:1078B0001AE07C190E4800684460BC4207D20C48AC
:1078C0000168091D0C48006800F012FE0CE0084831
:1078D0000168091D0948006800F00AFE08480068B0
:1078E000844201D206480460BDE8F08128000020EF
:1078F00014000020BC0900201C00002018000020FB
:107900004400002010B5044600F018FE244800682A
:10791000401C234908602348006840B9214804609E
:107920000846006801280DD100F016FA0AE01E484A
:10793000006838B91B480068C06AE16A884201D80B
:107940001848046019480068401C18490860084637
:10795000006860641649E06A0968884202D91449DF
:10796000E06A0860E16A01EB8101124A02EB8100E2
:10797000211D00F0D7FD00F00BFE0B48006868B138
:1079800008480068C06AE16A884207D24FF0805018
:1079900009490860BFF34F8FBFF36F8F10BD000020
:1079A00024000020140000203000002040000020AF
:1079B0002C0000200C05002004ED00E008B500F0CC
:1079C000BDFD12480068E8B9114800F081FD11487A
:1079D00000F07EFD0E48104908600E480F4908600F
:1079E00000200F4B0F4A102100900A2001F0D2F91D
:1079F000064908600846006820B10BA103480068EA
:107A000000F086FE00F0C4FD08BD00005800002014
:107A1000D0090020E409002050000020540000207C
:107A2000F8090020480A0020546D7251000000003F
:107A300010B516E000F082FD0C48C068C468201D37
:107A400000F01AFD0A480068401E0949086009480C
:107A50000068401E0749086000F09AFD204600F0CB
:107A60005FF8044800680028E4D110BDA809002090
:107A7000240000202000002070B504460D46206C34
:107A800070B1216CE0680144E160D4E902108842E1
:107A900001D32168E1602846226CE168F8F723FCF5
:107AA00070BD2DE9F04104460F4615464FF0000821
:107AB000A66B206C48B9206800282CD1A06801F082
:107AC00095FE80460020A06025E07DB93946226CF5
:107AD0006068F8F708FC216C606808446060D4E9CD
:107AE0000101884217D32068606014E03946226C97
:107AF000E068F8F7F8FB216CE068411AE160216862
:107B0000E068884203D2216CA068411AE160022D2E
:107B100001D106B1761E701CA0634046BDE8F0811D
:107B200010B5044694F8590030B9206B00F04EFDB2
:107B3000204600F04BFD1AE094F85900012803D1CB
:107B4000204600F043FD12E094F85900022801D1CC
:107B5000012000E0002050B900BF502080F31188C0
:107B6000BFF34F8FBFF36F8F00BF00BFFEE710BDA5
:107B700001464A6A22B10A6B1268C2F1380000E07D
:107B8000002070470146084A126812680AB90122AB
:107B900000E000220A600A6822B9034A1268D2682B
:107BA000106800E0002070475000002030B54FF40E
:107BB0007053174800F007042CB1C01D20F00700D7
:107BC000134C041B1B1B0246124C22600024114D57
:107BD0006C60D018083820F007000F4C206000249B
:107BE0000D4D2D686C600C4D2D682C601146441AAB
:107BF0004C60094C24680C60084D4C682C60084DA2
:107C00004C682C604FF00044064D2C6030BD0000E5
:107C1000A0110020680000207000002078000020E3
:107C2000740000208400002000BFFFF701FF064819
:107C300000680128F9D94FF0805004490860BFF36B
:107C40004F8FBFF36F8FF0E70C05002004ED00E0CD
:107C500010B5044654B10020A06020600021E1600E
:107C600000231A461946204601F050F910BD2DE9AF
:107C7000F04106460D4617469846069C0DB924600D
:107C800000E02760E66325640121204601F0F2F858
:107C900084F84C80BDE8F0812DE9F05F82460E4605
:107CA00090469B460A9F0C9C4FEA8801A522206BB8
:107CB000F8F72BFBA8F10100216B01EB800929F0FB
:107CC000070909F0070008B9012000E0002050B9B9
:107CD00000BF502080F31188BFF34F8FBFF36F8F29
:107CE00000BF00BFFEE786B1002507E0715D04F12B
:107CF00034004155705D00B902E06D1C102DF5D3C4
:107D000000BF00214320015502E0002084F8340028
:107D1000382F00D33727E762E76400202065201D55
:107D200000F0E3FB04F1180000F0DFFB2461C7F171
:107D30003800A06164620020606584F858005A46EB
:107D40005146484600F082FB20600B9808B10B9822
:107D50000460BDE8F09F000010B5002407E004EBCC
:107D600084010F4A02EB810000F0B2FB641C382C46
:107D7000F5D30C4800F0ACFB0B4800F0A9FB0B4816
:107D800000F0A6FB0A4800F0A3FB0A4800F0A0FBA5
:107D900004480949086004480849086010BD00000B
:107DA0000C0500206C0900208009002094090020A7
:107DB000A8090020BC090020180000201C00002099
:107DC00010B50146164800E0006803688B42FBD3FB
:107DD0000246436813448B4204D143684C682344F1
:107DE000436001460A464B6813440468A34211D11C
:107DF0000C4C03682468A34208D04B68046864688C
:107E000023444B6003681B680B6005E0054B1B684F
:107E10000B6001E003680B60884200D0016010BD78
:107E200068000020700000202DE9F04104460D4656
:107E300016461F464FF0000865602461B5420CD815
:107E4000F01BA169884202D34FF0010811E0211D07
:107E50000948006800F04CFB0BE0BE4204D2BD4272
:107E600002D34FF0010804E0211D0448006800F02F
:107E70003FFB4046BDE8F081540000205000002048
:107E800070B5054600F05AFBA86B08B9012400E064
:107E9000002400F07DFB204670BD70B5054600F063
:107EA0004DFBA86BE96B884201D1012400E000245E
:107EB00000F06EFB204670BDF8B505460F461A4827
:107EC0000068C068C468201D00F0D6FA94F8280045
:107ED00000F00400E8B1A06941192B463A4620465B
:107EE000FFF7A2FFD8B1002003462A4601460090C2
:107EF000204601F029FE064656B900BF502080F307
:107F00001188BFF34F8FBFF36F8F00BF00BFFEE735
:107F100005E094F8280020F0010084F828002046AD
:107F2000216A8847F8BD000050000020F0B587B0F6
:107F3000A0E00398002811DA04AE56B900BF502023
:107F400080F31188BFF34F8FBFF36F8F00BF00BF67
:107F5000FEE7D6E90020B168904700BF03980028EB
:107F6000E6DB059C606908B9012000E0002010B93B
:107F7000201D00F081FA02A800F0DEF80546039803
:107F80000A2875D2DFE800F00905073941630608C1
:107F90003A4200BF00BF00BF00BF94F8280040F085
:107FA000010084F828000498A269811803462A4633
:107FB0002046FFF739FFF8B12046216A884794F838
:107FC000280000F00400B8B1002000900498A169D6
:107FD000421800231946204601F0B6FD074657B95E
:107FE00000BF502080F31188BFF34F8FBFF36F8F16
:107FF00000BF00BFFEE700BF3BE000BF94F82800D1
:1080000020F0010084F8280033E000BF94F8280035
:1080100040F0010084F828000498A061A06908B12C
:10802000012000E0002050B900BF502080F31188EB
:10803000BFF34F8FBFF36F8F00BF00BFFEE7A06994
:1080400041192B462A462046FFF7EEFE11E094F830
:10805000280000F0020018B9204600F0B7FA05E049
:1080600094F8280020F0010084F8280001E0FFE7E0
:1080700000BF00BF002203A90448006801F098F87F
:1080800000287FF456AF07B0F0BD00005800002074
:10809000F8B505460C4600F021FD684600F04CF8A6
:1080A0000646009820BB44B9B54206D801F08EFCC4
:1080B00031462846FFF700FF1CE03CB10E4800683F
:1080C000006808B9012000E000200446A91B2246F0
:1080D0000A48006800F032FB01F078FC50B94FF01C
:1080E000805007490860BFF34F8FBFF36F8F01E0E7
:1080F00001F06CFCF8BD0000540000205800002086
:1081000004ED00E00A490968096809B9012100E0A5
:10811000002121B14FF0FF31064A116006E0044909
:108120000968C968C868034A41681160704700005F
:10813000180000204400002070B5044601F0AEFA9B
:10814000054607480068854204D200F00BF801207C
:10815000206001E00020206001480560284670BDD5
:10816000600000202DE9F84334E025480068C0682D
:10817000056823480068C068C468201D00F07CF9C9
:108180002046216A884794F8280000F0040008B3CC
:10819000A0694619AE4207D966602461211D1848BE
:1081A000006800F0A5F915E0002003462A460146C4
:1081B0000090204601F0C8FC074657B900BF502088
:1081C00080F31188BFF34F8FBFF36F8F00BF00BFE5
:1081D000FEE700BF0A480068006808B9012000E017
:1081E00000200028C1D00648D0F80080054800686B
:1081F000034908600348C0F80080BDE8F883000028
:1082000050000020540000200E480068401C08B9AF
:10821000012000E0002050B900BF502080F31188F9
:10822000BFF34F8FBFF36F8F00BF00BFFEE700BFEC
:10823000502080F31188BFF34F8FBFF36F8F00BFC3
:1082400000BFFEE78800002008B500BF6846FFF7C2
:1082500099FC044620460099FFF71AFFFFF766FED7
:10826000F4E770B5044600F069F994F9455010E060
:10827000606A08B9012000E0002038B904F1240048
:1082800001F058FB18B100F023FB00E003E0681E8A
:1082900045B2002DECDC00BFFF2084F8450000F063
:1082A00077F900F04BF994F9445010E0206908B9CF
:1082B000012000E0002048B904F1100001F03AFB71
:1082C00008B100F005FB681E45B200E001E0002D9A
:1082D000ECDC00BFFF2084F8440000F059F970BDC9
:1082E0002DE9F04104464FF0000800F0F7FB494843
:1082F000006808B9FFF75AFC47480068204000288A
:1083000070D1D4B1083404F00700B0B104F0070014
:10831000C0F10800044404F0070008B9012000E09F
:10832000002050B900BF502080F31188BFF34F8F59
:10833000BFF36F8F00BF00BFFEE7002C52D037485D
:10834000006884424ED8364E3046056801E02E461D
:108350002D686868A04202D228680028F7D12D480D
:10836000006885423ED0306800F108082868306017
:108370006868001B102819D92F1907F0070008B9E1
:10838000012000E0002050B900BF502080F3118888
:10839000BFF34F8FBFF36F8F00BF00BFFEE768686A
:1083A000001B78606C603846FFF70AFD1B4968685F
:1083B0000968081A194908600846006819490968D7
:1083C000884203D215480068164908601249686857
:1083D0000968084368600020286013480068401C52
:1083E0001149086001F0F2FA08F0070008B901200D
:1083F00000E0002050B900BF502080F31188BFF387
:108400004F8FBFF36F8F00BF00BFFEE74046BDE850
:10841000F081000070000020840000207400002023
:1084200068000020780000207C00002006480068DA
:1084300030B10549096801F15000096D491C01601E
:10844000014800687047000014000020001F4FF032
:1084500080730360001F21F001030360001F054BC0
:10846000036014380260001F6FF0020303602038BD
:10847000704700000982000801460A69D1E901300D
:108480009860D1E9010358605068884201D188683A
:108490005060002008611068401E1060106870472E
:1084A000034B0360034B0B60802313607047000095
:1084B000E80A0020440B0020034B0360034B0B60D1
:1084C0004FF4807313607047440D0020A00D00200E
:1084D00000F1080141604FF0FF31816000F10801B7
:1084E000C160016100210160704700210161704796
:1084F00010B502460B685C1C0CB9106907E002F16C
:10850000080000E04068446824689C42FAD9446846
:108510004C604C68A160886041600A611468641C0A
:10852000146010BD42684A6093688B60936859601C
:108530009160086103685B1C0360704700BF5020B6
:1085400080F31188BFF34F8FBFF36F8F00BF0E48CA
:108550000068401C0C49086008460068012812D1D8
:108560000A480068C0B208B9012000E0002050B9F4
:1085700000BF502080F31188BFF34F8FBFF36F8F80
:1085800000BF00BFFEE770478800002004ED00E058
:108590000D48006850B900BF502080F31188BFF328
:1085A0004F8FBFF36F8F00BF00BFFEE70648006824
:1085B000401E054908600846006820B9002080F385
:1085C000118800BF00BF70478800002070B50646C4
:1085D0003546002E44D0083D2C4622496068096883
:1085E000084008B1012000E0002050B900BF502031
:1085F00080F31188BFF34F8FBFF36F8F00BF00BFB1
:10860000FEE7206808B9012000E0002050B900BF53
:10861000502080F31188BFF34F8FBFF36F8F00BFDF
:1086200000BFFEE70F49606809680840C0B12068D4
:10863000B0B90C49606809688843606000F04EFA80
:108640000949606809680844074908602046FFF73F
:10865000B7FB06480068401C0449086001F0B6F901
:1086600070BD000084000020740000208000002005
:1086700000204FF0E02108618861064800684FF44F
:108680007A71B0FBF1F0401E4FF0E0214861072005
:10869000086170471000002070B5F7F7DDFD044653
:1086A000102C16D304F1E02090F8F0531548007810
:1086B000854201DB012000E0002050B900BF5020BE
:1086C00080F31188BFF34F8FBFF36F8F00BF00BFE0
:1086D000FEE70D48006800F4E0600C490968884234
:1086E00001D8012000E0002050B900BF502080F3E5
:1086F0001188BFF34F8FBFF36F8F00BF00BFFEE73E
:1087000070BD00008C0000200CED00E09000002007
:10871000024600200BE0084B53F8303033B9064BCB
:1087200043F8301003EBC0035A6002E0401C0828F5
:10873000F1D300BF70470000CC0400202DE9F041C8
:1087400005460E4617462C46FFF7F8FE94F94400FE
:10875000401C10B9002084F8440094F94500401CE6
:1087600010B9002084F84500FFF712FFA06B28B96C
:108770003A46314604F1240000F0CCF82046FFF7D9
:1087800070FDBDE8F081000070B504460025D4B14D
:108790001248006808B9012000E0002050B900BF6D
:1087A000502080F31188BFF34F8FBFF36F8F00BF4E
:1087B00000BFFEE700F092F900212046FFF764F8C1
:1087C00001F004F905463DB94FF0805004490860B6
:1087D000BFF34F8FBFF36F8F70BD00004C000020C0
:1087E00004ED00E02DE9F04704460F464FF0000984
:1087F00054B900BF502080F31188BFF34F8FBFF3EF
:108800006F8F00BF00BFFEE70FB1012000E0002026
:1088100050B900BF502080F31188BFF34F8FBFF3D2
:108820006F8F00BF00BFFEE72048006808B9012035
:1088300000E0002050B900BF502080F31188BFF342
:108840004F8FBFF36F8F00BF00BFFEE700F046F908
:10885000174806682068C5192068B04207D9206803
:10886000A8420BD9B54209D94FF0010906E02068AA
:10887000A84201D8B54201D94FF001092560B9F1EC
:10888000000F03D0A81B0021FEF7FEFF01F09EF8A9
:108890008046B8F1000F07D14FF0805005490860BD
:1088A000BFF34F8FBFF36F8FBDE8F0874C00002000
:1088B0002800002004ED00E0034909680160034935
:1088C00009684160704700003C000020280000203B
:1088D00001200149086070473800002070B5044647
:1088E0000D4654B900BF502080F31188BFF34F8F5D
:1088F000BFF36F8F00BF00BFFEE705480168183166
:108900002046FFF7F5FD01212846FEF7BDFF70BDAB
:108910001400002070B505460E46144655B900BF38
:10892000502080F31188BFF34F8FBFF36F8F00BFCC
:1089300000BFFEE70648016818312846FFF7F2FD40
:108940000CB14FF0FF3621463046FEF79DFF70BD5B
:10895000140000202DE9F04706460F4634464FF03C
:108960000109002E55D0206D50B900BF502080F372
:108970001188BFF34F8FBFF36F8F00BF00BFFEE7BB
:10898000E06CB84201D23D4600E0E56CE06AA842E6
:108990003FD0206D01283CD11F480068844201D09F
:1089A000012000E0002050B900BF502080F3118862
:1089B000BFF34F8FBFF36F8F00BF00BFFEE7D4F848
:1089C0002C80E562A06900F0004010B9C5F13800C4
:1089D000A06108EB8801114A02EB810160698842BD
:1089E00001D1012000E0002098B1201DFFF744FDD7
:1089F0000B49E06A0968884202D90949E06A0860BF
:108A0000E16A01EB8101054A02EB8100211DFFF7BC
:108A100089FDBDE8F0870000140000200C0500204F
:108A20002C00002010B586B000200590049003AA09
:108A300004A905A8FFF734FD0022DDE90410134660
:108A4000CDE9002102901EA11F48039A00F0B8FD55
:108A50001E4908600846006808B1012400E00024AF
:108A6000012C02D101F034F80446012C15D100BFCD
:108A7000502080F31188BFF34F8FBFF36F8F00BF7B
:108A80004FF0FF30124908600120124908600020B1
:108A90001149086000F072F810E0601C08B1012074
:108AA00000E0002050B900BF502080F31188BFF3D0
:108AB0004F8FBFF36F8F00BF00BFFEE706B010BD42
:108AC00049444C4500000000297C00084800002073
:108AD00044000020300000202800002002480068E8
:108AE000401C0149086070474C0000201E48006887
:108AF00018B101201D49086034E000201B490860BE
:108B00001B4801680CE051B900BF502080F3118868
:108B1000BFF34F8FBFF36F8F00BF00BFFEE7491E4B
:108B200001EB8100134A52F8200008B9012000E04F
:108B300000200028E7D101EB81020E4B03EB8200FD
:108B400042685268426000F108024368934202D1D1
:108B50004268526842604268D268074B1A60044813
:108B6000016000BF704700004C000020380000206A
:108B70002C0000200C050020140000201CB55248D9
:108B800000685249884201D0012000E0002050B91D
:108B900000BF502080F31188BFF34F8FBFF36F8F5A
:108BA00000BF00BFFEE7484800684849491E8842A8
:108BB00001D0012000E0002050B900BF502080F318
:108BC0001188BFF34F8FBFF36F8F00BF00BFFEE769
:108BD0003F49084600780190FF200A461070084679
:108BE000007800909DF8000000F0F0009DF8002053
:108BF000904201D1012000E0002050B900BF502078
:108C000080F31188BFF34F8FBFF36F8F00BF00BF9A
:108C1000FEE79DF8000000F050002E4A107007207B
:108C20002D4A106009E02C480068401E2A4A106056
:108C30009DF800004006000E00909DF8000000F036
:108C400080008028EFD024480068C0F10700042885
:108C500001D1012000E0002050B900BF502080F376
:108C60001188BFF34F8FBFF36F8F00BF00BFFEE7C8
:108C7000194800680002184A10601046008800F485
:108C8000E0601060124A019810700F4820300068B0
:108C900040F470000C49203108600846006840F03C
:108CA00070400860FFF7E4FC00200C490860F7F70B
:108CB0009BFA0B48006840F0404009490860F7F70C
:108CC0007FFA00201CBD000000ED00E071C20F41E2
:108CD00000E400E08C0000209000002088000020CC
:108CE00034EF00E010B500BF502080F31188BFF3CF
:108CF0004F8FBFF36F8F00BF00F0D6FC18B14FF05D
:108D000080500449086000BF002080F3118800BF34
:108D100010BD000004ED00E02DE9F04104460126FD
:108D2000002722460021012000F007F805462846CA
:108D3000FEF78EFF2846BDE8F0812DE9F843054691
:108D40000E4617460DB1012000E0002050B900BFCB
:108D5000502080F31188BFF34F8FBFF36F8F00BF98
:108D600000BFFEE705FB06F808F15000FFF7B8FA70
:108D7000044664B1A14609F15009002084F8460078
:108D80003B464A46314628460094FEF770FF20468F
:108D9000BDE8F8832DE9F84380460E4617461D4688
:108DA000DDF82090B8F1000F01D0012000E0002094
:108DB00050B900BF502080F31188BFF34F8FBFF32D
:108DC0006F8F00BF00BFFEE70DB1012000E0002063
:108DD00050B900BF502080F31188BFF34F8FBFF30D
:108DE0006F8F00BF00BFFEE707B10EB1012000E0AA
:108DF000002050B900BF502080F31188BFF34F8F7F
:108E0000BFF36F8F00BF00BFFEE707B90EB90120A7
:108E100000E0002050B900BF502080F31188BFF35C
:108E20004F8FBFF36F8F00BF00BFFEE75020009051
:108E30000098502801D1012000E0002050B900BF67
:108E4000502080F31188BFF34F8FBFF36F8F00BFA7
:108E500000BFFEE700BF2C464CB1012084F846005D
:108E60004B463A46314640460094FEF700FF204606
:108E7000BDE8F88370B505460E462C4654B900BFD0
:108E8000502080F31188BFF34F8FBFF36F8F00BF67
:108E900000BFFEE7FFF752FBD4E90F12206801FB89
:108EA0000200A0600020A06320686060E06B401EAC
:108EB000226C216800FB0211E160FF2084F844006D
:108EC00084F845009EB9206908B9012000E000201F
:108ED000A8B904F1100000F02DFD80B14FF08050D2
:108EE00009490860BFF34F8FBFF36F8F07E004F1AC
:108EF0001000FFF7EDFA04F12400FFF7E9FAFFF79D
:108F000047FB012070BD000004ED00E02DE9FF43A8
:108F100083B0064688461D464FF00009344654B9D2
:108F200000BF502080F31188BFF34F8FBFF36F8FC6
:108F300000BF00BFFEE7B8F1000F01D1206C08B9F7
:108F4000012000E0002050B900BF502080F31188BC
:108F5000BFF34F8FBFF36F8F00BF00BFFEE7022D3F
:108F600002D1E06B012801D1012000E0002050B9BE
:108F700000BF502080F31188BFF34F8FBFF36F8F76
:108F800000BF00BFFEE700F079FB08B9059808B9FB
:108F9000012000E0002050B900BF502080F311886C
:108FA000BFF34F8FBFF36F8F00BF00BFFEE700BF5F
:108FB000FFF7C4FAA06BE16B884201D3022D28D1E0
:108FC0002A4641462046FEF76CFD0746606A08B90E
:108FD000012000E0002068B904F1240000F0AAFCA0
:108FE00088B14FF0805032490860BFF34F8FBFF314
:108FF0006F8F08E03FB14FF080502D490860BFF3FC
:109000004F8FBFF36F8FFFF7C3FA012007B0BDE8A2
:10901000F083059818B9FFF7BBFA0020F6E7B9F11D
:10902000000F04D101A8FFF747FC4FF00109FFF73B
:10903000AFFAFFF753FDFFF781FA94F94400401CA3
:1090400010B9002084F8440094F94500401C10B980
:10905000002084F84500FFF79BFA05A901A800F05D
:1090600037FAF0B92046FEF718FFA0B104F110005E
:109070000599FFF733FC2046FFF7F3F800F0A6FC54
:10908000002895D14FF0805009490860BFF34F8FF9
:10909000BFF36F8F8CE72046FFF7E3F800F096FCF4
:1090A00086E72046FFF7DDF800F090FC0020ADE7F2
:1090B00004ED00E02DE9F84F07468A4690461E462B
:1090C0003C4654B900BF502080F31188BFF34F8F46
:1090D000BFF36F8F00BF00BFFEE7BAF1000F01D1F1
:1090E000206C08B9012000E0002050B900BF5020DA
:1090F00080F31188BFF34F8FBFF36F8F00BF00BFA6
:10910000FEE7022E02D1E06B012801D1012000E030
:10911000002050B900BF502080F31188BFF34F8F5B
:10912000BFF36F8F00BF00BFFEE7FFF7B5FA00BFC8
:109130005021EFF3118081F31188BFF34F8FBFF3FC
:109140006F8F00BF0546A06BE16B884201D3022EF2
:1091500025D194F945B0A06B009032465146204687
:10916000FEF79FFC0BF1010088B9606A08B9012085
:1091700000E0002050B904F1240000F0DBFB28B12E
:10918000B8F1000F02D00120C8F8000004E00BF194
:10919000010040B284F845004FF0010901E04FF0B2
:1091A000000900BF85F3118800BF4846BDE8F88F6D
:1091B0002DE9F74183B005460E464FF000082C46D6
:1091C00054B900BF502080F31188BFF34F8FBFF315
:1091D0006F8F00BF00BFFEE70EB9206C08B90120F9
:1091E00000E0002050B900BF502080F31188BFF389
:1091F0004F8FBFF36F8F00BF00BFFEE700F03EFA56
:1092000008B9059808B9012000E0002050B900BF56
:10921000502080F31188BFF34F8FBFF36F8F00BFD3
:1092200000BFFEE700BFFFF789F9A76BF7B1314632
:109230002046FEF721FC781EA063206908B90120B2
:1092400000E0002060B904F1100000F073FB38B1B9
:109250004FF080502F490860BFF34F8FBFF36F8FDF
:10926000FFF796F9012006B0BDE8F081059818B91E
:10927000FFF78EF90020F6E7B8F1000F04D101A83E
:10928000FFF71AFB4FF00108FFF782F9FFF726FC02
:10929000FFF754F994F94400401C10B9002084F8F9
:1092A000440094F94500401C10B9002084F84500A2
:1092B000FFF76EF905A901A800F00AF9F0B92046F8
:1092C000FEF7DEFDA0B104F124000599FFF706FBCF
:1092D0002046FEF7C6FF00F079FB0028A3D14FF02F
:1092E00080500C490860BFF34F8FBFF36F8F9AE730
:1092F0002046FEF7B6FF00F069FB94E72046FEF734
:10930000B0FF00F063FB2046FEF7BAFD00288AD0CC
:109310000020A8E704ED00E02DE9F34182B0054606
:109320004FF000082C46002654B900BF502080F3AF
:109330001188BFF34F8FBFF36F8F00BF00BFFEE7F1
:10934000206C08B9012000E0002050B900BF502077
:1093500080F31188BFF34F8FBFF36F8F00BF00BF43
:10936000FEE700F08BF908B9039808B9012000E086
:10937000002050B900BF502080F31188BFF34F8FF9
:10938000BFF36F8F00BF00BFFEE700BFFFF7D6F847
:10939000A76BFFB1781EA063206810B9FFF746F8ED
:1093A000A060206908B9012000E0002060B904F144
:1093B000100000F0BFFA38B14FF080504349086008
:1093C000BFF34F8FBFF36F8FFFF7E2F8012004B0B8
:1093D000BDE8F081039898B90EB9012000E00020A3
:1093E00050B900BF502080F31188BFF34F8FBFF3F7
:1093F0006F8F00BF00BFFEE7FFF7CAF80020E6E767
:10940000B8F1000F04D16846FFF756FA4FF0010893
:10941000FFF7BEF8FFF762FBFFF790F894F94400FE
:10942000401C10B9002084F8440094F94500401C09
:1094300010B9002084F84500FFF7AAF803A9684690
:1094400000F046F840BB2046FEF71AFDF0B1206858
:1094500038B9FFF773F8A06800F01AFA0646FFF76C
:1094600097F804F124000399FFF738FA2046FEF735
:10947000F8FE00F0ABFA002888D14FF08050134975
:109480000860BFF34F8FBFF36F8F7FE72046FEF773
:10949000E8FE00F09BFA79E72046FEF7E2FE00F0D6
:1094A00095FA2046FEF7ECFC0028EED05EB1FFF7FF
:1094B00045F82046FEF75CFB07463946A068FFF7F3
:1094C00049FAFFF765F8002081E7000004ED00E0AD
:1094D00070B505460C4655B900BF502080F3118881
:1094E000BFF34F8FBFF36F8F00BF00BFFEE754B9CC
:1094F00000BF502080F31188BFF34F8FBFF36F8FF1
:1095000000BF00BFFEE7FFF719F81248026868685D
:10951000131A2068401C08B9002617E00E49286875
:109520000968884204D06868904201D801260DE09D
:109530002068984207D92068C01A20602846FFF7A3
:10954000BBF9002602E0002020600126FFF720F88A
:10955000304670BD280000203C0000202DE9FF4F60
:1095600085B0804689461746DDE912ABB800FEF7A4
:10957000B7FE064656B15C20FEF7B2FE04460CB1BB
:10958000266304E03046FFF721F800E000248CB1A8
:10959000002084F85900CDE900ABCDE902403A46FD
:1095A00049464046089BFEF777FB2046FEF7AAF99E
:1095B000012501E04FF0FF35284609B0BDE8F08FE6
:1095C0002DE9F04F85B00746884691469A46DDE979
:1095D0000EB6109C0EB1012000E0002050B900BF73
:1095E000502080F31188BFF34F8FBFF36F8F00BF00
:1095F00000BFFEE70CB1012000E0002050B900BF21
:10960000502080F31188BFF34F8FBFF36F8F00BFDF
:1096100000BFFEE75C20039003985C2801D1012085
:1096200000E0002050B900BF502080F31188BFF344
:109630004F8FBFF36F8F00BF00BFFEE700BFB4B115
:10964000AEB125462C462E63022085F85900002035
:1096500004A953464A46CDE900B1CDE9025041463E
:109660003846FEF719FB2846FEF74CF901E00020CA
:109670000490049805B0BDE8F08F00000549096822
:1096800009B9012005E00449096809B9022000E090
:1096900000207047300000204C000020014908687D
:1096A00070470000280000202DE9F0414FF000082D
:1096B0004348006800287BD142480068451C414867
:1096C000056015BB40480068006808B9012000E04B
:1096D000002050B900BF502080F31188BFF34F8F96
:1096E000BFF36F8F00BF00BFFEE7374807683748FA
:1096F0000068354908603548076035480068401CF7
:1097000033490860FEF7FEFC00BF3248006885421E
:109710003BD300BF2C480068006808B9012000E076
:10972000002020B14FF0FF302A4908602CE0264885
:109730000068C068C4686668B54202D22548066001
:1097400022E0201DFEF798FEA06A18B104F118006F
:10975000FEF792FE2049E06A0968884202D91E4954
:10976000E06A0860E16A01EB81011C4A02EB8100BA
:10977000211DFEF7D7FE1A49E06A0968C96A8842C6
:10978000C8D34FF00108C5E700BF15480068C06A9C
:1097900000EB8000114951F82000012801D94FF059
:1097A00001081048006808B14FF0010805E0FFE724
:1097B0000D480068401C0C4908604046BDE8F08137
:1097C0004C00002028000020180000201C00002071
:1097D0003C000020440000202C0000200C0500204C
:1097E00014000020380000203400002070B5054629
:1097F0002C460026002D43D022480068844201D127
:10980000012000E0002050B900BF502080F31188F3
:10981000BFF34F8FBFF36F8F00BF00BFFEE7206D18
:1098200050B900BF502080F31188BFF34F8FBFF3B2
:109830006F8F00BF00BFFEE7206D401E2065E16C0A
:10984000E06A88421CD0206DD0B9201DFEF714FEBE
:10985000E06CE062E06AC0F13800A0610A49E06AA9
:109860000968884202D90849E06A0860E16A01EBA8
:109870008101064A02EB8100211DFEF753FE0126FD
:10988000304670BD140000202C0000200C05002084
:1098900070B505462C460026002D42D02249E06ACC
:1098A0000968C96A884235D2A06900F0004028B929
:1098B0001D480068C06AC0F13800A061E16A01EB90
:1098C00081011A4A02EB81016069884201D10120BD
:1098D00000E00020C0B1201DFEF7CEFD1248006858
:1098E000C06AE0621249E06A0968884202D91049F8
:1098F000E06A0860E16A01EB81010C4A02EB810039
:10990000211DFEF70FFE03E007480068C06AE06211
:10991000012606E00449E06C0968C96A884200D261
:109920000126304670BD0000140000200C05002008
:109930002C00002070B50646F068C46854B900BF1A
:10994000502080F31188BFF34F8FBFF36F8F00BF9C
:1099500000BFFEE704F11800FEF78EFD1548006811
:10996000A0B9201DFEF788FD1349E06A0968884206
:1099700002D91149E06A0860E16A01EB81010F4AEE
:1099800002EB8100211DFEF7CDFD04E004F118017A
:109990000B48FEF7C7FD0B49E06A0968C96A8842AF
:1099A00004D9012501200849086000E00025284667
:1099B00070BD00004C0000202C0000200C05002091
:1099C00094090020140000203800002070B5002405
:1099D00000263648006850B900BF502080F3118837
:1099E000BFF34F8FBFF36F8F00BF00BFFEE7FEF7DF
:1099F000A5FD2E480068401E2C49086008460068F6
:109A000000284ED12A48006800284AD023E029487F
:109A1000C068C46804F11800FEF72EFD201DFEF793
:109A20002BFD2549E06A0968884202D92249E06A8B
:109A30000860E16A01EB8101204A02EB8100211DEF
:109A4000FEF770FD1E49E06A0968C96A884202D3C0
:109A500001201C4908601748006808B9012000E08F
:109A600000200028D3D00CB1FEF74CFB1648056847
:109A700065B100BFFFF718FE10B101201149086061
:109A80006D1E002DF6D100200F4908600D480068BA
:109A900038B1012630070D490860BFF34F8FBFF37F
:109AA0006F8FFEF775FD304670BD00004C00002042
:109AB00024000020940900202C0000200C05002028
:109AC00014000020380000203400002004ED00E0E5
:109AD00010B586B00024FDF771FF16480068D0B1BC
:109AE00000200590049003AA04A905A8FEF7E4FC51
:109AF0000222DDE904100023CDE9002102900EA12D
:109B00000F48039AFFF75CFD0E490860084600689D
:109B100000B1012400BF54B900BF502080F3118868
:109B2000BFF34F8FBFF36F8F00BF00BFFEE720462C
:109B300006B010BD58000020546D722053766300AB
:109B4000498200085C0000202DE9FF4704460D46CD
:109B500016461F46DDF830804FF0000954B900BFAB
:109B6000502080F31188BFF34F8FBFF36F8F00BF7A
:109B700000BFFEE71448006810B3009501960294F8
:109B8000062D15DAFFF77AFD022808D10023424698
:109B900069460D480068FFF7B9F9814610E00023D7
:109BA0001A46694608480068FFF7B0F9814607E0A1
:109BB00000233A46694604480068FFF77BFA81466D
:109BC000484604B0BDE8F0875800002060A50008B2
:109BD0000000000000000000000000000000000085
:109BE000000200001800000000000000000000005B
:109BF000000610160006101600000000000000000D
:109C00000102030406070809000000000102030422
:109C10000000000000000000000000000000000044
:109C2000000000F8000000000000003330000000D9
:109C300000160E00160E00000000000000000000DC
:109C400040C07840C0784000043F04043F04040052
:109C5000007088FC08300000001820FF211E000062
:109C6000F008F000E018000000211C031E211E0077
:109C700000F00888700000001E21232419272110FD
:109C8000000000160E0000000000000000000000B0
:109C9000000000E018040200000000071820400047
:109CA00000020418E0000000004020180700000037
:109CB000404080F0804040000202010F010202009B
:109CC000000000F0000000000101011F010101007F
:109CD000000000000000000000B070000000000064
:109CE000000000000000000000010101010101016D
:109CF0000000000000000000003030000000000004
:109D000000000000806018040060180601000000D8
:109D100000E010080810E000000F102020100F00D5
:109D2000001010F8000000000020203F202000005C
:109D300000700808088870000030282422213000B4
:109D400000300888884830000018202020110E00BC
:109D50000000C02010F8000000070424243F240065
:109D600000F80888880808000019212020110E003A
:109D700000E0108888180000000F112020110E004C
:109D800000380808C83808000000003F0000000044
:109D90000070880808887000001C222121221C0005
:109DA00000E010080810E0000000312222110F002E
:109DB000000000C0C00000000000003030000000C3
:109DC000000000C0C0000000000080B07000000073
:109DD000000080402010080000010204081020004C
:109DE0004040404040404000040404040404040097
:109DF000000810204080000000201008040201002C
:109E0000007048080808F00000000030360100002B
:109E1000C030C828E810E0000718272423140B00DE
:109E20000000C038E0000000203C23020227382058
:109E300008F8888888700000203F202020110E003C
:109E4000C030080808083800071820202010080033
:109E500008F808080810E000203F202020100F001C
:109E600008F88888E8081000203F202023201800E8
:109E700008F88888E8081000203F20000300000050
:109E8000C03008080838000007182020221E0200F1
:109E900008F808000008F808203F210101213F20B0
:109EA000000808F8080800000020203F20200000DB
:109EB00000000808F8080800C08080807F000000CB
:109EC00008F888C028180800203F20012638200004
:109ED00008F8080000000000203F2020202030006B
:109EE00008F8F800F8F80800203F003F003F200085
:109EF00008F830C00008F808203F200007183F008D
:109F0000E01008080810E0000F10202020100F00BB
:109F100008F808080808F000203F210101010000AE
:109F2000E01008080810E0000F18242438504F00F3
:109F300008F8888888887000203F2000030C3020B3
:109F400000708808080838000038202121221C00F1
:109F5000180808F8080818000000203F200000003A
:109F600008F808000008F808001F202020201F0023
:109F70000878880000C83808000007380E01000083
:109F8000F80800F80008F800033C0700073C03004D
:109F9000081868808068180820302C03032C3020B3
:109FA0000838C800C83808000000203F2000000022
:109FB00010080808C838080020382621202018007A
:109FC000000000FE020202000000007F404040004E
:109FD000000C30C000000000000000010638C00086
:109FE00000020202FE000000004040407F0000002E
:109FF00000201008040810200000000000000000ED
:10A000000000000000000000808080808080808050
:10A010000002040800000000000000000000000032
:10A0200000008080808000000019242222223F202E
:10A0300008F8008080000000003F112020110E0071
:10A040000000008080800000000E11202020110000
:10A05000000000808088F800000E112020103F20B2
:10A060000000808080800000001F22222222130036
:10A07000008080F0888888180020203F2020000081
:10A080000000808080808000006B94949493600036
:10A0900008F8008080800000203F210000203F2041
:10A0A00000809898000000000020203F2020000041
:10A0B000000000809898000000C08080807F000031
:10A0C00008F8000080808000203F24022D3020000E
:10A0D000000808F8000000000020203F20200000B9
:10A0E0008080808080808000203F20003F20003FD3
:10A0F000008080008080000000203F2100203F2061
:10A100000000808080800000001F202020201F0091
:10A11000808000808000000080FFA12020110E00C0
:10A120000000008080808000000E112020A0FF80B1
:10A13000808080008080800020203F21200001005E
:10A1400000008080808080000033242424241900B3
:10A15000008080E0808000000000001F20200000C0
:10A160008080000000808000001F202020103F2001
:10A17000808080000080808000010E300806010091
:10A1800080800080008080800F300C030C300F0036
:10A1900000808000808080000020312E0E31200061
:10A1A000808080000080808080818E701806010091
:10A1B00000808080808080000021302C22213000AF
:10A1C00000000000807C020200000000003F4040D0
:10A1D00000000000FF00000000000000FF00000081
:10A1E0000002027C800000000040403F00000000B0
:10A1F000008040408000008000000000000101005D
:10A200000000000000000000002F00000000070018
:10A21000070000147F147F1400242A7F2A120023D1
:10A220001308646200364955225000000007000000
:10A2300000001C224100000041221C000014083EC6
:10A2400008140008083E0808000000A0600000088C
:10A2500008080808000060600000002010080402E0
:10A26000003E5149453E0000427F4000004261519E
:10A270004946002141454B31001814127F10002738
:10A2800045454539003C4A494930000171090503FB
:10A2900000364949493600064949291E000036362C
:10A2A000000000005636000000081422410000148F
:10A2B000141414140000412214080002015109066C
:10A2C000003E4955592E007C1211127C007F4949ED
:10A2D0004936003E41414122007F4141221C007F1E
:10A2E00049494941007F09090901003E4149497A2C
:10A2F000007F0808087F0000417F410000204041A6
:10A300003F01007F08142241007F40404040007F11
:10A31000020C027F007F0408107F003E4141413E55
:10A32000007F09090906003E4151215E007F09199D
:10A3300029460046494949310001017F0101003F9A
:10A340004040403F001F2040201F003F4038403F1A
:10A35000006314081463000708700807006151497E
:10A36000454300007F414100000204081020000026
:10A3700041417F000004020102040040404040408F
:10A38000000001020400002054545478007F484427
:10A39000443800384444442000384444487F00385E
:10A3A0005454541800087E0901020018A4A4A47C87
:10A3B000007F080404780000447D40000040808451
:10A3C0007D00007F102844000000417F4000007C99
:10A3D00004180478007C08040478003844444438A5
:10A3E00000FC242424180018242418FC007C0804F1
:10A3F000040800485454542000043F444020003CCA
:10A400004040207C001C2040201C003C4030403C50
:10A41000004428102844001CA0A0A07C00446454E0
:10A420004C440000087F41000000007F0000000055
:10A43000417F0800000804081008EFBC8C000000F1
:10A44000000000000000000000000000000000000C
:10A45000005838000000000000000000000000E389
:10A4600080820000000000000000000000000000EA
:10A470000000000000001824241800000000000064
:10A4800000000000E4BDA00000008060F80740204C
:10A49000180F08C80808281800010000FF00100C59
:10A4A0000340807F0001061800E5A5BD00001010E4
:10A4B000F01F10F000808282E2928A8680004022A3
:10A4C00015081661000040807F0000000000E4B81D
:10A4D000960000202020FE2020FF202020FF2020AA
:10A4E0002020000000007F40404744444447404053
:10A4F000400000E7958C0000000000FE929292FE62
:10A50000929292FE0000000008080484621E01007E
:10A5100001FE0204040808000000000000FF010121
:10A52000013109090909897101010101FFFF8080D9
:10A53000808080809681808080808080FFFF018184
:10A540008181FD8991A1C1FD81818101FFFF808011
:10A5500080809F888482819F80808080FF000000AF
:10A5600064656661756C745461736B008CA500083A
:10A570000000002020010000206E0008ACA60008AA
:10A5800020010020105B0000306E00080000000079
:10A590000000000010000000010000000024F40092
:10A5A00000000000000000000000000000000000AB
:10A5B000000000000000000000000000000000009B
:10A5C000000000000000000000000000000000008B
:10A5D000000000000000000000000000000000007B
:10A5E000000000000000000000000000000000006B
:10A5F000000000000000000000000000000000005B
:10A60000000000000000000000000000000000004A
:10A6100000000000AAAAAAAA000000000000000092
:10A62000000000000000000000000000000000002A
:10A63000000000000000000000000000000000001A
:10A640000000000004030100000000000000000002
:10A6500000000000000000000000000000000000FA
:10A6600000000000000000000000000000000000EA
:10A6700000000000000000000000000000000000DA
:10A68000000000000000000000000000827B0000CD
:10A690000000556677889900000000556677889914
:0CA6A000000000000000000000000000AE
:040000050800018965
:00000001FF
